filename,label,size_bytes,sample_rate,channels,duration_sec,readable
LJ001-0004 - Copy.wav,genuine,164484,16000,1,5.13875,True
LJ001-0004.wav,genuine,164484,16000,1,5.13875,True
LJ001-0011.wav,genuine,144422,16000,1,4.5118125,True
LJ001-0024 - Copy.wav,genuine,251420,16000,1,7.8555,True
LJ001-0024.wav,genuine,251420,16000,1,7.8555,True
LJ001-0035.wav,genuine,161884,16000,1,5.0575,True
LJ001-0042.wav,genuine,213524,16000,1,6.67125,True
LJ001-0075 - Copy.wav,genuine,217984,16000,1,6.810625,True
LJ001-0075.wav,genuine,217984,16000,1,6.810625,True
LJ001-0080.wav,genuine,172658,16000,1,5.3941875,True
LJ001-0120.wav,genuine,223184,16000,1,6.973125,True
LJ001-0145.wav,genuine,229500,16000,1,7.1705,True
LJ001-0151.wav,genuine,144422,16000,1,4.5118125,True
LJ001-0153.wav,genuine,207210,16000,1,6.4739375,True
LJ001-0156.wav,genuine,164856,16000,1,5.150375,True
LJ001-0162.wav,genuine,299718,16000,1,9.3648125,True
LJ001-0175.wav,genuine,134392,16000,1,4.198375,True
LJ001-0176.wav,genuine,186032,16000,1,5.812125,True
LJ002-0038.wav,genuine,195692,16000,1,6.114,True
LJ002-0040.wav,genuine,184546,16000,1,5.7656875,True
LJ002-0054.wav,genuine,246962,16000,1,7.7161875,True
LJ002-0062.wav,genuine,308262,16000,1,9.6318125,True
LJ002-0075.wav,genuine,148880,16000,1,4.651125,True
LJ002-0080.wav,genuine,160398,16000,1,5.0110625,True
LJ002-0096.wav,genuine,140336,16000,1,4.384125,True
LJ002-0104.wav,genuine,264794,16000,1,8.2734375,True
LJ002-0108.wav,genuine,260708,16000,1,8.14575,True
LJ002-0113.wav,genuine,200522,16000,1,6.2649375,True
LJ002-0135.wav,genuine,281884,16000,1,8.8075,True
LJ002-0162.wav,genuine,176372,16000,1,5.51025,True
LJ002-0169.wav,genuine,245476,16000,1,7.66975,True
LJ002-0170.wav,genuine,280026,16000,1,8.7494375,True
LJ002-0184.wav,genuine,183432,16000,1,5.730875,True
LJ002-0192.wav,genuine,261450,16000,1,8.1689375,True
LJ002-0219.wav,genuine,268510,16000,1,8.3895625,True
LJ002-0220.wav,genuine,258850,16000,1,8.0876875,True
LJ002-0227.wav,genuine,249934,16000,1,7.8090625,True
LJ002-0243.wav,genuine,319408,16000,1,9.980125,True
LJ002-0269 - Copy.wav,genuine,205352,16000,1,6.415875,True
LJ002-0269.wav,genuine,205352,16000,1,6.415875,True
LJ002-0323.wav,genuine,226900,16000,1,7.08925,True
LJ002-0331.wav,genuine,176002,16000,1,5.4986875,True
LJ002-0332.wav,genuine,142564,16000,1,4.45375,True
LJ003-0012.wav,genuine,166714,16000,1,5.2084375,True
LJ003-0015.wav,genuine,271110,16000,1,8.4708125,True
LJ003-0066.wav,genuine,172286,16000,1,5.3825625,True
LJ003-0084.wav,genuine,244732,16000,1,7.6465,True
LJ003-0115.wav,genuine,180460,16000,1,5.638,True
LJ003-0177.wav,genuine,207952,16000,1,6.497125,True
LJ003-0186.wav,genuine,300460,16000,1,9.388,True
LJ003-0191 - Copy.wav,genuine,172658,16000,1,5.3941875,True
LJ003-0191.wav,genuine,172658,16000,1,5.3941875,True
LJ003-0192.wav,genuine,157426,16000,1,4.9181875,True
LJ003-0193.wav,genuine,280770,16000,1,8.7726875,True
LJ003-0201.wav,genuine,207580,16000,1,6.4855,True
LJ003-0205 - Copy.wav,genuine,180460,16000,1,5.638,True
LJ003-0205.wav,genuine,180460,16000,1,5.638,True
LJ003-0209.wav,genuine,186032,16000,1,5.812125,True
LJ003-0216.wav,genuine,184918,16000,1,5.7773125,True
LJ003-0218.wav,genuine,277426,16000,1,8.6681875,True
LJ003-0219.wav,genuine,287828,16000,1,8.99325,True
LJ003-0224.wav,genuine,230614,16000,1,7.2053125,True
LJ003-0232.wav,genuine,145166,16000,1,4.5350625,True
LJ003-0240.wav,genuine,180832,16000,1,5.649625,True
LJ003-0251.wav,genuine,243990,16000,1,7.6233125,True
LJ003-0255.wav,genuine,239532,16000,1,7.484,True
LJ003-0264 - Copy.wav,genuine,145166,16000,1,4.5350625,True
LJ003-0264.wav,genuine,145166,16000,1,4.5350625,True
LJ003-0266.wav,genuine,156310,16000,1,4.8833125,True
LJ003-0269.wav,genuine,269252,16000,1,8.41275,True
LJ003-0283.wav,genuine,283370,16000,1,8.8539375,True
LJ003-0292.wav,genuine,237674,16000,1,7.4259375,True
LJ003-0294.wav,genuine,282256,16000,1,8.819125,True
LJ003-0322.wav,genuine,171172,16000,1,5.34775,True
LJ003-0340.wav,genuine,199036,16000,1,6.2185,True
LJ003-0341.wav,genuine,250306,16000,1,7.8206875,True
LJ003-0346.wav,genuine,212038,16000,1,6.6248125,True
LJ003-0349.wav,genuine,214640,16000,1,6.706125,True
LJ004-0003.wav,genuine,236560,16000,1,7.391125,True
LJ004-0011.wav,genuine,227642,16000,1,7.1124375,True
LJ004-0025.wav,genuine,195692,16000,1,6.114,True
LJ004-0059.wav,genuine,237674,16000,1,7.4259375,True
LJ004-0076.wav,genuine,306404,16000,1,9.57375,True
LJ004-0086.wav,genuine,273340,16000,1,8.5405,True
LJ004-0098.wav,genuine,216498,16000,1,6.7641875,True
LJ004-0102.wav,genuine,282256,16000,1,8.819125,True
LJ004-0104.wav,genuine,155568,16000,1,4.860125,True
LJ004-0119.wav,genuine,147766,16000,1,4.6163125,True
LJ004-0178.wav,genuine,134020,16000,1,4.18675,True
LJ004-0188.wav,genuine,129934,16000,1,4.0590625,True
LJ004-0208.wav,genuine,148510,16000,1,4.6395625,True
LJ004-0224.wav,genuine,271854,16000,1,8.4940625,True
LJ004-0236.wav,genuine,304548,16000,1,9.51575,True
LJ005-0005.wav,genuine,231358,16000,1,7.2285625,True
LJ005-0035.wav,genuine,207210,16000,1,6.4739375,True
LJ005-0044.wav,genuine,153338,16000,1,4.7904375,True
LJ005-0108.wav,genuine,279284,16000,1,8.72625,True
LJ005-0117.wav,genuine,202750,16000,1,6.3345625,True
LJ005-0122.wav,genuine,307520,16000,1,9.608625,True
LJ005-0124.wav,genuine,291172,16000,1,9.09775,True
LJ005-0138.wav,genuine,290430,16000,1,9.0745625,True
LJ005-0144.wav,genuine,187518,16000,1,5.8585625,True
LJ005-0165.wav,genuine,300088,16000,1,9.376375,True
LJ005-0167.wav,genuine,320894,16000,1,10.0265625,True
LJ005-0173.wav,genuine,319780,16000,1,9.99175,True
LJ005-0198.wav,genuine,200150,16000,1,6.2533125,True
LJ005-0199.wav,genuine,280398,16000,1,8.7610625,True
LJ005-0201.wav,genuine,255878,16000,1,7.9948125,True
LJ005-0208.wav,genuine,199036,16000,1,6.2185,True
LJ005-0221.wav,genuine,164484,16000,1,5.13875,True
LJ005-0233.wav,genuine,285972,16000,1,8.93525,True
LJ005-0234.wav,genuine,248820,16000,1,7.77425,True
LJ005-0237.wav,genuine,294144,16000,1,9.190625,True
LJ005-0285.wav,genuine,249562,16000,1,7.7974375,True
LJ005-0296.wav,genuine,320150,16000,1,10.0033125,True
LJ006-0019.wav,genuine,259594,16000,1,8.1109375,True
LJ006-0025.wav,genuine,245848,16000,1,7.681375,True
LJ006-0035.wav,genuine,211668,16000,1,6.61325,True
LJ006-0044.wav,genuine,257736,16000,1,8.052875,True
LJ006-0058.wav,genuine,322752,16000,1,10.084625,True
LJ006-0068.wav,genuine,314206,16000,1,9.8175625,True
LJ006-0085.wav,genuine,277798,16000,1,8.6798125,True
LJ006-0104.wav,genuine,266652,16000,1,8.3315,True
LJ006-0109.wav,genuine,161884,16000,1,5.0575,True
LJ006-0110.wav,genuine,215010,16000,1,6.7176875,True
LJ006-0167.wav,genuine,239902,16000,1,7.4955625,True
LJ006-0177.wav,genuine,290430,16000,1,9.0745625,True
LJ006-0194.wav,genuine,189004,16000,1,5.905,True
LJ006-0203.wav,genuine,286714,16000,1,8.9584375,True
LJ006-0218.wav,genuine,243618,16000,1,7.6116875,True
LJ006-0237.wav,genuine,239532,16000,1,7.484,True
LJ006-0243.wav,genuine,317922,16000,1,9.9336875,True
LJ006-0253.wav,genuine,168200,16000,1,5.254875,True
LJ006-0265.wav,genuine,168572,16000,1,5.2665,True
LJ006-0268.wav,genuine,197550,16000,1,6.1720625,True
LJ006-0279.wav,genuine,297488,16000,1,9.295125,True
LJ006-0284.wav,genuine,323124,16000,1,10.09625,True
LJ007-0026.wav,genuine,243246,16000,1,7.6000625,True
LJ007-0029.wav,genuine,288944,16000,1,9.028125,True
LJ007-0036.wav,genuine,299346,16000,1,9.3531875,True
LJ007-0077.wav,genuine,228758,16000,1,7.1473125,True
LJ007-0122.wav,genuine,201636,16000,1,6.29975,True
LJ007-0124.wav,genuine,164856,16000,1,5.150375,True
LJ007-0128.wav,genuine,319408,16000,1,9.980125,True
LJ007-0152.wav,genuine,318294,16000,1,9.9453125,True
LJ007-0161.wav,genuine,306404,16000,1,9.57375,True
LJ007-0189.wav,genuine,215010,16000,1,6.7176875,True
LJ007-0192.wav,genuine,311234,16000,1,9.7246875,True
LJ007-0216.wav,genuine,287458,16000,1,8.9816875,True
LJ007-0220.wav,genuine,260336,16000,1,8.134125,True
LJ007-0225.wav,genuine,217612,16000,1,6.799,True
LJ007-0231.wav,genuine,297488,16000,1,9.295125,True
LJ007-0234.wav,genuine,282628,16000,1,8.83075,True
LJ007-0235.wav,genuine,293030,16000,1,9.1558125,True
LJ007-0237.wav,genuine,225786,16000,1,7.0544375,True
LJ008-0006.wav,genuine,152968,16000,1,4.778875,True
LJ008-0013.wav,genuine,152224,16000,1,4.755625,True
LJ008-0032.wav,genuine,213154,16000,1,6.6596875,True
LJ008-0038.wav,genuine,202008,16000,1,6.311375,True
LJ008-0045.wav,genuine,255506,16000,1,7.9831875,True
LJ008-0057.wav,genuine,266652,16000,1,8.3315,True
LJ008-0078.wav,genuine,309006,16000,1,9.6550625,True
LJ008-0081.wav,genuine,257736,16000,1,8.052875,True
LJ008-0085.wav,genuine,175258,16000,1,5.4754375,True
LJ008-0124.wav,genuine,276312,16000,1,8.633375,True
LJ008-0136.wav,genuine,147766,16000,1,4.6163125,True
LJ008-0141.wav,genuine,138850,16000,1,4.3376875,True
LJ008-0206.wav,genuine,164112,16000,1,5.127125,True
LJ008-0213.wav,genuine,129190,16000,1,4.0358125,True
LJ008-0242.wav,genuine,307520,16000,1,9.608625,True
LJ008-0243.wav,genuine,310492,16000,1,9.7015,True
LJ008-0253.wav,genuine,182318,16000,1,5.6960625,True
LJ008-0259.wav,genuine,142564,16000,1,4.45375,True
LJ008-0275.wav,genuine,222812,16000,1,6.9615,True
LJ008-0279.wav,genuine,249934,16000,1,7.8090625,True
LJ008-0286.wav,genuine,305662,16000,1,9.5505625,True
LJ008-0302.wav,genuine,276684,16000,1,8.645,True
LJ008-0315.wav,genuine,151852,16000,1,4.744,True
LJ009-0003.wav,genuine,177116,16000,1,5.5335,True
LJ009-0007.wav,genuine,289314,16000,1,9.0396875,True
LJ009-0016.wav,genuine,287086,16000,1,8.9700625,True
LJ009-0017.wav,genuine,176744,16000,1,5.521875,True
LJ009-0042.wav,genuine,268138,16000,1,8.3779375,True
LJ009-0048.wav,genuine,320150,16000,1,10.0033125,True
LJ009-0053.wav,genuine,306034,16000,1,9.5621875,True
LJ009-0063.wav,genuine,245104,16000,1,7.658125,True
LJ009-0091.wav,genuine,229500,16000,1,7.1705,True
LJ009-0092.wav,genuine,151852,16000,1,4.744,True
LJ009-0103.wav,genuine,146280,16000,1,4.569875,True
LJ009-0105.wav,genuine,198292,16000,1,6.19525,True
LJ009-0108.wav,genuine,141450,16000,1,4.4189375,True
LJ009-0114.wav,genuine,301204,16000,1,9.41125,True
LJ009-0120.wav,genuine,254020,16000,1,7.93675,True
LJ009-0124.wav,genuine,159284,16000,1,4.97625,True
LJ009-0136.wav,genuine,208324,16000,1,6.50875,True
LJ009-0137.wav,genuine,268138,16000,1,8.3779375,True
LJ009-0149.wav,genuine,285600,16000,1,8.923625,True
LJ009-0229.wav,genuine,284114,16000,1,8.8771875,True
LJ009-0244.wav,genuine,251420,16000,1,7.8555,True
LJ009-0251.wav,genuine,316808,16000,1,9.898875,True
LJ009-0254.wav,genuine,192348,16000,1,6.0095,True
LJ009-0258.wav,genuine,173030,16000,1,5.4058125,True
LJ009-0268.wav,genuine,181202,16000,1,5.6611875,True
LJ009-0278.wav,genuine,196064,16000,1,6.125625,True
LJ009-0289.wav,genuine,208696,16000,1,6.520375,True
LJ009-0290.wav,genuine,233586,16000,1,7.2981875,True
LJ010-0001.wav,genuine,256622,16000,1,8.0180625,True
LJ010-0008.wav,genuine,186032,16000,1,5.812125,True
LJ010-0017.wav,genuine,143680,16000,1,4.488625,True
LJ010-0047.wav,genuine,213154,16000,1,6.6596875,True
LJ010-0062.wav,genuine,284856,16000,1,8.900375,True
LJ010-0073.wav,genuine,305290,16000,1,9.5389375,True
LJ010-0122.wav,genuine,296374,16000,1,9.2603125,True
LJ010-0129.wav,genuine,172286,16000,1,5.3825625,True
LJ010-0147.wav,genuine,296746,16000,1,9.2719375,True
LJ010-0166.wav,genuine,226528,16000,1,7.077625,True
LJ010-0170.wav,genuine,213524,16000,1,6.67125,True
LJ010-0173.wav,genuine,247704,16000,1,7.739375,True
LJ010-0196.wav,genuine,201264,16000,1,6.288125,True
LJ010-0198.wav,genuine,301574,16000,1,9.4228125,True
LJ010-0204.wav,genuine,190490,16000,1,5.9514375,True
LJ010-0243.wav,genuine,303062,16000,1,9.4693125,True
LJ010-0252.wav,genuine,194948,16000,1,6.09075,True
LJ010-0253.wav,genuine,296746,16000,1,9.2719375,True
LJ010-0313.wav,genuine,300460,16000,1,9.388,True
LJ010-0315.wav,genuine,183060,16000,1,5.71925,True
LJ011-0005.wav,genuine,242874,16000,1,7.5884375,True
LJ011-0032.wav,genuine,209810,16000,1,6.5551875,True
LJ011-0040.wav,genuine,225786,16000,1,7.0544375,True
LJ011-0050.wav,genuine,252162,16000,1,7.8786875,True
LJ011-0074.wav,genuine,153710,16000,1,4.8020625,True
LJ011-0076.wav,genuine,254020,16000,1,7.93675,True
LJ011-0087.wav,genuine,314950,16000,1,9.8408125,True
LJ011-0108.wav,genuine,320150,16000,1,10.0033125,True
LJ011-0110.wav,genuine,196436,16000,1,6.13725,True
LJ011-0117.wav,genuine,222070,16000,1,6.9383125,True
LJ011-0126.wav,genuine,154454,16000,1,4.8253125,True
LJ011-0136.wav,genuine,183804,16000,1,5.7425,True
LJ011-0137.wav,genuine,172286,16000,1,5.3825625,True
LJ011-0160.wav,genuine,139964,16000,1,4.3725,True
LJ011-0175.wav,genuine,161140,16000,1,5.03425,True
LJ011-0184.wav,genuine,188262,16000,1,5.8818125,True
LJ011-0187.wav,genuine,252162,16000,1,7.8786875,True
LJ011-0188.wav,genuine,165598,16000,1,5.1735625,True
LJ011-0190.wav,genuine,219470,16000,1,6.8570625,True
LJ011-0216.wav,genuine,263680,16000,1,8.238625,True
LJ011-0224.wav,genuine,203866,16000,1,6.3694375,True
LJ011-0230.wav,genuine,266652,16000,1,8.3315,True
LJ011-0246.wav,genuine,199778,16000,1,6.2416875,True
LJ011-0268.wav,genuine,231730,16000,1,7.2401875,True
LJ011-0276.wav,genuine,266652,16000,1,8.3315,True
LJ011-0290.wav,genuine,271854,16000,1,8.4940625,True
LJ011-0292.wav,genuine,278540,16000,1,8.703,True
LJ012-0003.wav,genuine,275940,16000,1,8.62175,True
LJ012-0017.wav,genuine,244362,16000,1,7.6349375,True
LJ012-0048.wav,genuine,269996,16000,1,8.436,True
LJ012-0058.wav,genuine,258850,16000,1,8.0876875,True
LJ012-0085.wav,genuine,261080,16000,1,8.157375,True
LJ012-0089.wav,genuine,256622,16000,1,8.0180625,True
LJ012-0099.wav,genuine,266652,16000,1,8.3315,True
LJ012-0109.wav,genuine,212038,16000,1,6.6248125,True
LJ012-0127.wav,genuine,318294,16000,1,9.9453125,True
LJ012-0145.wav,genuine,287458,16000,1,8.9816875,True
LJ012-0189.wav,genuine,243246,16000,1,7.6000625,True
LJ012-0195.wav,genuine,314950,16000,1,9.8408125,True
LJ012-0204.wav,genuine,259222,16000,1,8.0993125,True
LJ012-0208.wav,genuine,136620,16000,1,4.268,True
LJ012-0210.wav,genuine,164484,16000,1,5.13875,True
LJ012-0225.wav,genuine,315322,16000,1,9.8524375,True
LJ012-0230.wav,genuine,251792,16000,1,7.867125,True
LJ012-0236.wav,genuine,195320,16000,1,6.102375,True
LJ012-0238.wav,genuine,311234,16000,1,9.7246875,True
LJ012-0242.wav,genuine,269996,16000,1,8.436,True
LJ012-0256.wav,genuine,272596,16000,1,8.51725,True
LJ012-0257.wav,genuine,233216,16000,1,7.286625,True
LJ012-0266.wav,genuine,235074,16000,1,7.3446875,True
LJ012-0280.wav,genuine,128818,16000,1,4.0241875,True
LJ012-0287.wav,genuine,232472,16000,1,7.263375,True
LJ012-0296.wav,genuine,263308,16000,1,8.227,True
LJ013-0013.wav,genuine,139964,16000,1,4.3725,True
LJ013-0018.wav,genuine,207210,16000,1,6.4739375,True
LJ013-0027.wav,genuine,193834,16000,1,6.0559375,True
LJ013-0058.wav,genuine,284856,16000,1,8.900375,True
LJ013-0077.wav,genuine,305290,16000,1,9.5389375,True
LJ013-0085.wav,genuine,247334,16000,1,7.7278125,True
LJ013-0114.wav,genuine,240646,16000,1,7.5188125,True
LJ013-0155.wav,genuine,261450,16000,1,8.1689375,True
LJ013-0164.wav,genuine,212782,16000,1,6.6480625,True
LJ013-0170.wav,genuine,202380,16000,1,6.323,True
LJ013-0185.wav,genuine,204608,16000,1,6.392625,True
LJ013-0208.wav,genuine,164856,16000,1,5.150375,True
LJ013-0226.wav,genuine,154082,16000,1,4.8136875,True
LJ013-0234.wav,genuine,194948,16000,1,6.09075,True
LJ013-0235.wav,genuine,147394,16000,1,4.6046875,True
LJ013-0236.wav,genuine,316064,16000,1,9.875625,True
LJ013-0237.wav,genuine,204236,16000,1,6.381,True
LJ013-0257.wav,genuine,222812,16000,1,6.9615,True
LJ014-0007.wav,genuine,220956,16000,1,6.9035,True
LJ014-0027.wav,genuine,294888,16000,1,9.213875,True
LJ014-0028.wav,genuine,144050,16000,1,4.5001875,True
LJ014-0065.wav,genuine,176002,16000,1,5.4986875,True
LJ014-0073.wav,genuine,282628,16000,1,8.83075,True
LJ014-0075.wav,genuine,204980,16000,1,6.40425,True
LJ014-0084.wav,genuine,237674,16000,1,7.4259375,True
LJ014-0086.wav,genuine,284114,16000,1,8.8771875,True
LJ014-0103.wav,genuine,318294,16000,1,9.9453125,True
LJ014-0106.wav,genuine,279284,16000,1,8.72625,True
LJ014-0117.wav,genuine,142936,16000,1,4.465375,True
LJ014-0123.wav,genuine,240646,16000,1,7.5188125,True
LJ014-0147.wav,genuine,131420,16000,1,4.1055,True
LJ014-0154.wav,genuine,192348,16000,1,6.0095,True
LJ014-0159.wav,genuine,180832,16000,1,5.649625,True
LJ014-0165.wav,genuine,281512,16000,1,8.795875,True
LJ014-0168.wav,genuine,272224,16000,1,8.505625,True
LJ014-0177.wav,genuine,176744,16000,1,5.521875,True
LJ014-0196.wav,genuine,272224,16000,1,8.505625,True
LJ014-0205.wav,genuine,200522,16000,1,6.2649375,True
LJ014-0224.wav,genuine,221326,16000,1,6.9150625,True
LJ014-0239.wav,genuine,276312,16000,1,8.633375,True
LJ014-0247.wav,genuine,165970,16000,1,5.1851875,True
LJ014-0263.wav,genuine,209810,16000,1,6.5551875,True
LJ014-0273.wav,genuine,202380,16000,1,6.323,True
LJ014-0283.wav,genuine,252162,16000,1,7.8786875,True
LJ014-0291.wav,genuine,229500,16000,1,7.1705,True
LJ014-0313.wav,genuine,310120,16000,1,9.689875,True
LJ014-0318.wav,genuine,250676,16000,1,7.83225,True
LJ014-0322.wav,genuine,179716,16000,1,5.61475,True
LJ014-0326.wav,genuine,263680,16000,1,8.238625,True
LJ014-0335.wav,genuine,138106,16000,1,4.3144375,True
LJ014-0336.wav,genuine,223928,16000,1,6.996375,True
LJ015-0004.wav,genuine,134392,16000,1,4.198375,True
LJ015-0020.wav,genuine,283000,16000,1,8.842375,True
LJ015-0034.wav,genuine,174886,16000,1,5.4638125,True
LJ015-0061.wav,genuine,162998,16000,1,5.0923125,True
LJ015-0065.wav,genuine,215010,16000,1,6.7176875,True
LJ015-0079.wav,genuine,196436,16000,1,6.13725,True
LJ015-0088.wav,genuine,280770,16000,1,8.7726875,True
LJ015-0093.wav,genuine,252162,16000,1,7.8786875,True
LJ015-0094.wav,genuine,319036,16000,1,9.9685,True
LJ015-0099.wav,genuine,144794,16000,1,4.5234375,True
LJ015-0109.wav,genuine,234702,16000,1,7.3330625,True
LJ015-0133.wav,genuine,189748,16000,1,5.92825,True
LJ015-0149.wav,genuine,246218,16000,1,7.6929375,True
LJ015-0151.wav,genuine,204608,16000,1,6.392625,True
LJ015-0169.wav,genuine,197550,16000,1,6.1720625,True
LJ015-0185.wav,genuine,318294,16000,1,9.9453125,True
LJ015-0198.wav,genuine,200150,16000,1,6.2533125,True
LJ015-0206.wav,genuine,258478,16000,1,8.0760625,True
LJ015-0229.wav,genuine,260336,16000,1,8.134125,True
LJ015-0233.wav,genuine,237674,16000,1,7.4259375,True
LJ015-0238.wav,genuine,262194,16000,1,8.1921875,True
LJ015-0249.wav,genuine,290430,16000,1,9.0745625,True
LJ015-0251.wav,genuine,299718,16000,1,9.3648125,True
LJ015-0295.wav,genuine,183060,16000,1,5.71925,True
LJ015-0298.wav,genuine,185290,16000,1,5.7889375,True
LJ015-0307.wav,genuine,168572,16000,1,5.2665,True
LJ015-0308.wav,genuine,225786,16000,1,7.0544375,True
LJ016-0006.wav,genuine,138106,16000,1,4.3144375,True
LJ016-0008.wav,genuine,279656,16000,1,8.737875,True
LJ016-0045.wav,genuine,289314,16000,1,9.0396875,True
LJ016-0053.wav,genuine,256992,16000,1,8.029625,True
LJ016-0061.wav,genuine,259222,16000,1,8.0993125,True
LJ016-0068.wav,genuine,207580,16000,1,6.4855,True
LJ016-0072.wav,genuine,209810,16000,1,6.5551875,True
LJ016-0075.wav,genuine,220956,16000,1,6.9035,True
LJ016-0108.wav,genuine,204980,16000,1,6.40425,True
LJ016-0118.wav,genuine,240274,16000,1,7.5071875,True
LJ016-0127.wav,genuine,189748,16000,1,5.92825,True
LJ016-0216.wav,genuine,278540,16000,1,8.703,True
LJ016-0222.wav,genuine,216498,16000,1,6.7641875,True
LJ016-0227.wav,genuine,222442,16000,1,6.9499375,True
LJ016-0241.wav,genuine,254020,16000,1,7.93675,True
LJ016-0255.wav,genuine,300460,16000,1,9.388,True
LJ016-0264.wav,genuine,216868,16000,1,6.77575,True
LJ016-0276.wav,genuine,136248,16000,1,4.256375,True
LJ016-0277.wav,genuine,241018,16000,1,7.5304375,True
LJ016-0278.wav,genuine,274454,16000,1,8.5753125,True
LJ016-0283.wav,genuine,274826,16000,1,8.5869375,True
LJ016-0300.wav,genuine,274454,16000,1,8.5753125,True
LJ016-0322.wav,genuine,250676,16000,1,7.83225,True
LJ016-0325.wav,genuine,246218,16000,1,7.6929375,True
LJ016-0332.wav,genuine,228386,16000,1,7.1356875,True
LJ016-0333.wav,genuine,134020,16000,1,4.18675,True
LJ016-0335.wav,genuine,203122,16000,1,6.3461875,True
LJ016-0352.wav,genuine,149996,16000,1,4.686,True
LJ016-0373.wav,genuine,302690,16000,1,9.4576875,True
LJ016-0376.wav,genuine,160026,16000,1,4.9994375,True
LJ016-0411.wav,genuine,214640,16000,1,6.706125,True
LJ016-0419.wav,genuine,228758,16000,1,7.1473125,True
LJ016-0428.wav,genuine,194206,16000,1,6.0675625,True
LJ016-0431.wav,genuine,146652,16000,1,4.5815,True
LJ017-0002.wav,genuine,316436,16000,1,9.88725,True
LJ017-0014.wav,genuine,258850,16000,1,8.0876875,True
LJ017-0026.wav,genuine,232472,16000,1,7.263375,True
LJ017-0030.wav,genuine,177116,16000,1,5.5335,True
LJ017-0043.wav,genuine,216126,16000,1,6.7525625,True
LJ017-0047.wav,genuine,225786,16000,1,7.0544375,True
LJ017-0078.wav,genuine,311234,16000,1,9.7246875,True
LJ017-0083.wav,genuine,179716,16000,1,5.61475,True
LJ017-0098.wav,genuine,265166,16000,1,8.2850625,True
LJ017-0104.wav,genuine,183804,16000,1,5.7425,True
LJ017-0106.wav,genuine,253278,16000,1,7.9135625,True
LJ017-0111.wav,genuine,226528,16000,1,7.077625,True
LJ017-0121.wav,genuine,218354,16000,1,6.8221875,True
LJ017-0163.wav,genuine,152968,16000,1,4.778875,True
LJ017-0164.wav,genuine,277054,16000,1,8.6565625,True
LJ017-0165.wav,genuine,189748,16000,1,5.92825,True
LJ017-0171.wav,genuine,128446,16000,1,4.0125625,True
LJ017-0196.wav,genuine,221326,16000,1,6.9150625,True
LJ017-0219.wav,genuine,228014,16000,1,7.1240625,True
LJ017-0230.wav,genuine,273340,16000,1,8.5405,True
LJ017-0243.wav,genuine,235444,16000,1,7.35625,True
LJ017-0249.wav,genuine,274082,16000,1,8.5636875,True
LJ017-0270.wav,genuine,230614,16000,1,7.2053125,True
LJ017-0274.wav,genuine,221326,16000,1,6.9150625,True
LJ017-0280.wav,genuine,172286,16000,1,5.3825625,True
LJ017-0283.wav,genuine,195692,16000,1,6.114,True
LJ018-0021.wav,genuine,181574,16000,1,5.6728125,True
LJ018-0029.wav,genuine,264794,16000,1,8.2734375,True
LJ018-0035.wav,genuine,215382,16000,1,6.7293125,True
LJ018-0044.wav,genuine,299718,16000,1,9.3648125,True
LJ018-0050.wav,genuine,264794,16000,1,8.2734375,True
LJ018-0060.wav,genuine,239532,16000,1,7.484,True
LJ018-0078.wav,genuine,236560,16000,1,7.391125,True
LJ018-0087.wav,genuine,320894,16000,1,10.0265625,True
LJ018-0121.wav,genuine,183060,16000,1,5.71925,True
LJ018-0128.wav,genuine,203122,16000,1,6.3461875,True
LJ018-0141.wav,genuine,239532,16000,1,7.484,True
LJ018-0146.wav,genuine,246962,16000,1,7.7161875,True
LJ018-0148.wav,genuine,235074,16000,1,7.3446875,True
LJ018-0165.wav,genuine,224298,16000,1,7.0079375,True
LJ018-0169.wav,genuine,285228,16000,1,8.912,True
LJ018-0186.wav,genuine,302318,16000,1,9.4460625,True
LJ018-0187.wav,genuine,196806,16000,1,6.1488125,True
LJ018-0192.wav,genuine,250306,16000,1,7.8206875,True
LJ018-0195.wav,genuine,215754,16000,1,6.7409375,True
LJ018-0209.wav,genuine,148510,16000,1,4.6395625,True
LJ018-0211.wav,genuine,309748,16000,1,9.67825,True
LJ018-0233.wav,genuine,229872,16000,1,7.182125,True
LJ018-0269.wav,genuine,213154,16000,1,6.6596875,True
LJ018-0277.wav,genuine,255136,16000,1,7.971625,True
LJ018-0285.wav,genuine,134762,16000,1,4.2099375,True
LJ018-0299.wav,genuine,290430,16000,1,9.0745625,True
LJ018-0307.wav,genuine,322752,16000,1,10.084625,True
LJ018-0320.wav,genuine,282628,16000,1,8.83075,True
LJ018-0346.wav,genuine,167084,16000,1,5.22,True
LJ018-0367.wav,genuine,222812,16000,1,6.9615,True
LJ018-0373.wav,genuine,166342,16000,1,5.1968125,True
LJ018-0380.wav,genuine,300460,16000,1,9.388,True
LJ019-0016.wav,genuine,315322,16000,1,9.8524375,True
LJ019-0036.wav,genuine,243246,16000,1,7.6000625,True
LJ019-0045.wav,genuine,141822,16000,1,4.4305625,True
LJ019-0076.wav,genuine,142194,16000,1,4.4421875,True
LJ019-0123.wav,genuine,135134,16000,1,4.2215625,True
LJ019-0125.wav,genuine,305662,16000,1,9.5505625,True
LJ019-0141.wav,genuine,218354,16000,1,6.8221875,True
LJ019-0156.wav,genuine,282628,16000,1,8.83075,True
LJ019-0192.wav,genuine,220956,16000,1,6.9035,True
LJ019-0212.wav,genuine,314578,16000,1,9.8291875,True
LJ019-0215.wav,genuine,249934,16000,1,7.8090625,True
LJ019-0259.wav,genuine,284114,16000,1,8.8771875,True
LJ019-0279.wav,genuine,248820,16000,1,7.77425,True
LJ019-0288.wav,genuine,192720,16000,1,6.021125,True
LJ019-0289.wav,genuine,274826,16000,1,8.5869375,True
LJ019-0306.wav,genuine,229872,16000,1,7.182125,True
LJ019-0337.wav,genuine,320150,16000,1,10.0033125,True
LJ019-0343.wav,genuine,238046,16000,1,7.4375625,True
LJ019-0377.wav,genuine,254764,16000,1,7.96,True
LJ019-0385.wav,genuine,290800,16000,1,9.086125,True
LJ019-0386.wav,genuine,246218,16000,1,7.6929375,True
LJ019-0387.wav,genuine,196064,16000,1,6.125625,True
LJ019-0390.wav,genuine,203122,16000,1,6.3461875,True
LJ019-0397.wav,genuine,253648,16000,1,7.925125,True
LJ020-0014.wav,genuine,169314,16000,1,5.2896875,True
LJ020-0045.wav,genuine,235816,16000,1,7.367875,True
LJ020-0050.wav,genuine,140708,16000,1,4.39575,True
LJ020-0059.wav,genuine,220956,16000,1,6.9035,True
LJ020-0078.wav,genuine,263680,16000,1,8.238625,True
LJ020-0083.wav,genuine,194578,16000,1,6.0791875,True
LJ020-0085.wav,genuine,258478,16000,1,8.0760625,True
LJ020-0087.wav,genuine,161884,16000,1,5.0575,True
LJ020-0100.wav,genuine,225414,16000,1,7.0428125,True
LJ021-0009.wav,genuine,256622,16000,1,8.0180625,True
LJ021-0017.wav,genuine,129934,16000,1,4.0590625,True
LJ021-0030.wav,genuine,222812,16000,1,6.9615,True
LJ021-0047.wav,genuine,207952,16000,1,6.497125,True
LJ021-0051.wav,genuine,230244,16000,1,7.19375,True
LJ021-0053.wav,genuine,273712,16000,1,8.552125,True
LJ021-0055.wav,genuine,272968,16000,1,8.528875,True
LJ021-0090.wav,genuine,317922,16000,1,9.9336875,True
LJ021-0101.wav,genuine,304548,16000,1,9.51575,True
LJ021-0103.wav,genuine,201264,16000,1,6.288125,True
LJ021-0116.wav,genuine,282256,16000,1,8.819125,True
LJ021-0123.wav,genuine,260336,16000,1,8.134125,True
LJ021-0143.wav,genuine,259594,16000,1,8.1109375,True
LJ021-0149.wav,genuine,157054,16000,1,4.9065625,True
LJ021-0159.wav,genuine,129190,16000,1,4.0358125,True
LJ021-0160.wav,genuine,277798,16000,1,8.6798125,True
LJ021-0166.wav,genuine,300832,16000,1,9.399625,True
LJ021-0169.wav,genuine,266280,16000,1,8.319875,True
LJ021-0185.wav,genuine,320522,16000,1,10.0149375,True
LJ021-0202.wav,genuine,307520,16000,1,9.608625,True
LJ022-0020.wav,genuine,321266,16000,1,10.0381875,True
LJ022-0026.wav,genuine,237674,16000,1,7.4259375,True
LJ022-0050.wav,genuine,202380,16000,1,6.323,True
LJ022-0077.wav,genuine,159284,16000,1,4.97625,True
LJ022-0105.wav,genuine,264052,16000,1,8.25025,True
LJ022-0109.wav,genuine,132534,16000,1,4.1403125,True
LJ022-0110.wav,genuine,191606,16000,1,5.9863125,True
LJ022-0117.wav,genuine,205352,16000,1,6.415875,True
LJ022-0119.wav,genuine,300460,16000,1,9.388,True
LJ022-0132.wav,genuine,148510,16000,1,4.6395625,True
LJ022-0138.wav,genuine,270368,16000,1,8.447625,True
LJ022-0177.wav,genuine,239532,16000,1,7.484,True
LJ022-0187.wav,genuine,188634,16000,1,5.8934375,True
LJ022-0195.wav,genuine,176372,16000,1,5.51025,True
LJ022-0197.wav,genuine,235074,16000,1,7.3446875,True
LJ023-0036.wav,genuine,270738,16000,1,8.4591875,True
LJ023-0038.wav,genuine,246218,16000,1,7.6929375,True
LJ023-0043.wav,genuine,181202,16000,1,5.6611875,True
LJ023-0079.wav,genuine,222070,16000,1,6.9383125,True
LJ023-0099.wav,genuine,235444,16000,1,7.35625,True
LJ023-0126.wav,genuine,301574,16000,1,9.4228125,True
LJ023-0132.wav,genuine,270368,16000,1,8.447625,True
LJ023-0135.wav,genuine,292286,16000,1,9.1325625,True
LJ023-0136.wav,genuine,146280,16000,1,4.569875,True
LJ024-0049.wav,genuine,236560,16000,1,7.391125,True
LJ024-0065.wav,genuine,196806,16000,1,6.1488125,True
LJ024-0088.wav,genuine,254392,16000,1,7.948375,True
LJ024-0092.wav,genuine,271110,16000,1,8.4708125,True
LJ024-0100.wav,genuine,173030,16000,1,5.4058125,True
LJ024-0107.wav,genuine,253278,16000,1,7.9135625,True
LJ025-0029.wav,genuine,244362,16000,1,7.6349375,True
LJ025-0061.wav,genuine,274454,16000,1,8.5753125,True
LJ025-0067.wav,genuine,192720,16000,1,6.021125,True
LJ025-0079.wav,genuine,131790,16000,1,4.1170625,True
LJ025-0086.wav,genuine,186032,16000,1,5.812125,True
LJ025-0088.wav,genuine,242504,16000,1,7.576875,True
LJ025-0092.wav,genuine,225786,16000,1,7.0544375,True
LJ025-0111.wav,genuine,228386,16000,1,7.1356875,True
LJ025-0119.wav,genuine,269996,16000,1,8.436,True
LJ025-0124.wav,genuine,145908,16000,1,4.55825,True
LJ025-0133.wav,genuine,168572,16000,1,5.2665,True
LJ025-0138.wav,genuine,131048,16000,1,4.093875,True
LJ026-0031.wav,genuine,162626,16000,1,5.0806875,True
LJ026-0036.wav,genuine,259594,16000,1,8.1109375,True
LJ026-0050.wav,genuine,207580,16000,1,6.4855,True
LJ026-0053.wav,genuine,307148,16000,1,9.597,True
LJ026-0098.wav,genuine,314206,16000,1,9.8175625,True
LJ026-0099.wav,genuine,229500,16000,1,7.1705,True
LJ026-0110.wav,genuine,200150,16000,1,6.2533125,True
LJ026-0119.wav,genuine,197178,16000,1,6.1604375,True
LJ026-0131.wav,genuine,240274,16000,1,7.5071875,True
LJ026-0138.wav,genuine,282256,16000,1,8.819125,True
LJ026-0142.wav,genuine,292658,16000,1,9.1441875,True
LJ026-0153.wav,genuine,211296,16000,1,6.601625,True
LJ027-0001.wav,genuine,183060,16000,1,5.71925,True
LJ027-0047.wav,genuine,129190,16000,1,4.0358125,True
LJ027-0055.wav,genuine,290800,16000,1,9.086125,True
LJ027-0080.wav,genuine,182688,16000,1,5.707625,True
LJ027-0082.wav,genuine,254764,16000,1,7.96,True
LJ027-0094.wav,genuine,269996,16000,1,8.436,True
LJ027-0124.wav,genuine,216868,16000,1,6.77575,True
LJ027-0127.wav,genuine,308262,16000,1,9.6318125,True
LJ027-0147.wav,genuine,244732,16000,1,7.6465,True
LJ027-0167.wav,genuine,267024,16000,1,8.343125,True
LJ027-0171.wav,genuine,303432,16000,1,9.480875,True
LJ028-0020.wav,genuine,217984,16000,1,6.810625,True
LJ028-0023.wav,genuine,183060,16000,1,5.71925,True
LJ028-0034.wav,genuine,210182,16000,1,6.5668125,True
LJ028-0041.wav,genuine,225786,16000,1,7.0544375,True
LJ028-0049.wav,genuine,237674,16000,1,7.4259375,True
LJ028-0077.wav,genuine,199036,16000,1,6.2185,True
LJ028-0092.wav,genuine,227272,16000,1,7.100875,True
LJ028-0142.wav,genuine,179346,16000,1,5.6031875,True
LJ028-0152.wav,genuine,231358,16000,1,7.2285625,True
LJ028-0169.wav,genuine,243990,16000,1,7.6233125,True
LJ028-0203.wav,genuine,296374,16000,1,9.2603125,True
LJ028-0212.wav,genuine,146280,16000,1,4.569875,True
LJ028-0213.wav,genuine,161140,16000,1,5.03425,True
LJ028-0217.wav,genuine,229128,16000,1,7.158875,True
LJ028-0223.wav,genuine,286342,16000,1,8.9468125,True
LJ028-0253.wav,genuine,311234,16000,1,9.7246875,True
LJ028-0272.wav,genuine,177116,16000,1,5.5335,True
LJ028-0276.wav,genuine,258850,16000,1,8.0876875,True
LJ028-0287.wav,genuine,227642,16000,1,7.1124375,True
LJ028-0310.wav,genuine,239532,16000,1,7.484,True
LJ028-0314.wav,genuine,291172,16000,1,9.09775,True
LJ028-0324.wav,genuine,293774,16000,1,9.1790625,True
LJ028-0334.wav,genuine,222442,16000,1,6.9499375,True
LJ028-0343.wav,genuine,205352,16000,1,6.415875,True
LJ028-0357.wav,genuine,242874,16000,1,7.5884375,True
LJ028-0372.wav,genuine,141822,16000,1,4.4305625,True
LJ028-0406.wav,genuine,158540,16000,1,4.953,True
LJ028-0414.wav,genuine,271482,16000,1,8.4824375,True
LJ028-0416.wav,genuine,322380,16000,1,10.073,True
LJ028-0418.wav,genuine,191234,16000,1,5.9746875,True
LJ028-0425.wav,genuine,262194,16000,1,8.1921875,True
LJ028-0428.wav,genuine,133648,16000,1,4.175125,True
LJ028-0429.wav,genuine,186776,16000,1,5.835375,True
LJ028-0434.wav,genuine,210182,16000,1,6.5668125,True
LJ028-0463.wav,genuine,252534,16000,1,7.8903125,True
LJ028-0471.wav,genuine,246590,16000,1,7.7045625,True
LJ028-0481.wav,genuine,229872,16000,1,7.182125,True
LJ028-0485.wav,genuine,241760,16000,1,7.553625,True
LJ028-0492.wav,genuine,161512,16000,1,5.045875,True
LJ029-0001.wav,genuine,312720,16000,1,9.771125,True
LJ029-0004.wav,genuine,162256,16000,1,5.069125,True
LJ029-0012.wav,genuine,313836,16000,1,9.806,True
LJ029-0019.wav,genuine,182318,16000,1,5.6960625,True
LJ029-0023.wav,genuine,287086,16000,1,8.9700625,True
LJ029-0029.wav,genuine,321638,16000,1,10.0498125,True
LJ029-0049.wav,genuine,291916,16000,1,9.121,True
LJ029-0050.wav,genuine,252906,16000,1,7.9019375,True
LJ029-0056.wav,genuine,258850,16000,1,8.0876875,True
LJ029-0067.wav,genuine,282256,16000,1,8.819125,True
LJ029-0069.wav,genuine,294888,16000,1,9.213875,True
LJ029-0077.wav,genuine,147394,16000,1,4.6046875,True
LJ029-0081.wav,genuine,322380,16000,1,10.073,True
LJ029-0082.wav,genuine,277426,16000,1,8.6681875,True
LJ029-0094.wav,genuine,220956,16000,1,6.9035,True
LJ029-0100.wav,genuine,178602,16000,1,5.5799375,True
LJ029-0111.wav,genuine,240274,16000,1,7.5071875,True
LJ029-0114.wav,genuine,283370,16000,1,8.8539375,True
LJ029-0119.wav,genuine,275198,16000,1,8.5985625,True
LJ029-0122.wav,genuine,132534,16000,1,4.1403125,True
LJ029-0124.wav,genuine,279656,16000,1,8.737875,True
LJ029-0172.wav,genuine,206094,16000,1,6.4390625,True
LJ029-0208.wav,genuine,186776,16000,1,5.835375,True
LJ030-0010.wav,genuine,223184,16000,1,6.973125,True
LJ030-0032.wav,genuine,212782,16000,1,6.6480625,True
LJ030-0068.wav,genuine,204236,16000,1,6.381,True
LJ030-0077.wav,genuine,235074,16000,1,7.3446875,True
LJ030-0078.wav,genuine,241018,16000,1,7.5304375,True
LJ030-0114.wav,genuine,298974,16000,1,9.3415625,True
LJ030-0121.wav,genuine,255878,16000,1,7.9948125,True
LJ030-0157.wav,genuine,314206,16000,1,9.8175625,True
LJ030-0178.wav,genuine,268882,16000,1,8.4011875,True
LJ030-0198.wav,genuine,319408,16000,1,9.980125,True
LJ030-0200.wav,genuine,248820,16000,1,7.77425,True
LJ030-0234.wav,genuine,310862,16000,1,9.7130625,True
LJ030-0239.wav,genuine,243990,16000,1,7.6233125,True
LJ031-0019.wav,genuine,288200,16000,1,9.004875,True
LJ031-0031.wav,genuine,230244,16000,1,7.19375,True
LJ031-0043.wav,genuine,201264,16000,1,6.288125,True
LJ031-0044.wav,genuine,186776,16000,1,5.835375,True
LJ031-0053.wav,genuine,323124,16000,1,10.09625,True
LJ031-0060.wav,genuine,173772,16000,1,5.429,True
LJ031-0078.wav,genuine,307520,16000,1,9.608625,True
LJ031-0081.wav,genuine,158540,16000,1,4.953,True
LJ031-0119.wav,genuine,157054,16000,1,4.9065625,True
LJ031-0136.wav,genuine,191976,16000,1,5.997875,True
LJ031-0142.wav,genuine,146652,16000,1,4.5815,True
LJ031-0144.wav,genuine,252162,16000,1,7.8786875,True
LJ031-0152.wav,genuine,271482,16000,1,8.4824375,True
LJ031-0175.wav,genuine,259964,16000,1,8.1225,True
LJ031-0176.wav,genuine,138106,16000,1,4.3144375,True
LJ031-0216.wav,genuine,275940,16000,1,8.62175,True
LJ032-0009.wav,genuine,148510,16000,1,4.6395625,True
LJ032-0025.wav,genuine,284114,16000,1,8.8771875,True
LJ032-0054.wav,genuine,232472,16000,1,7.263375,True
LJ032-0071.wav,genuine,283370,16000,1,8.8539375,True
LJ032-0093.wav,genuine,297860,16000,1,9.30675,True
LJ032-0096.wav,genuine,202750,16000,1,6.3345625,True
LJ032-0114.wav,genuine,300460,16000,1,9.388,True
LJ032-0134.wav,genuine,267766,16000,1,8.3663125,True
LJ032-0136.wav,genuine,135506,16000,1,4.2331875,True
LJ032-0148.wav,genuine,303804,16000,1,9.4925,True
LJ032-0149.wav,genuine,200522,16000,1,6.2649375,True
LJ032-0177.wav,genuine,265538,16000,1,8.2966875,True
LJ032-0181.wav,genuine,234330,16000,1,7.3214375,True
LJ032-0205.wav,genuine,291916,16000,1,9.121,True
LJ032-0206.wav,genuine,266280,16000,1,8.319875,True
LJ032-0211.wav,genuine,189376,16000,1,5.916625,True
LJ032-0215.wav,genuine,195320,16000,1,6.102375,True
LJ032-0244.wav,genuine,310492,16000,1,9.7015,True
LJ032-0249.wav,genuine,317922,16000,1,9.9336875,True
LJ032-0252.wav,genuine,267024,16000,1,8.343125,True
LJ032-0263.wav,genuine,189748,16000,1,5.92825,True
LJ032-0269.wav,genuine,200522,16000,1,6.2649375,True
LJ033-0016.wav,genuine,291916,16000,1,9.121,True
LJ033-0023.wav,genuine,201636,16000,1,6.29975,True
LJ033-0027.wav,genuine,255506,16000,1,7.9831875,True
LJ033-0029.wav,genuine,235074,16000,1,7.3446875,True
LJ033-0039.wav,genuine,188262,16000,1,5.8818125,True
LJ033-0049.wav,genuine,136992,16000,1,4.279625,True
LJ033-0056.wav,genuine,285972,16000,1,8.93525,True
LJ033-0059.wav,genuine,278912,16000,1,8.714625,True
LJ033-0077.wav,genuine,251048,16000,1,7.843875,True
LJ033-0108.wav,genuine,198664,16000,1,6.206875,True
LJ033-0118.wav,genuine,229128,16000,1,7.158875,True
LJ033-0130.wav,genuine,274826,16000,1,8.5869375,True
LJ033-0141.wav,genuine,211296,16000,1,6.601625,True
LJ033-0151.wav,genuine,226156,16000,1,7.066,True
LJ033-0167.wav,genuine,296374,16000,1,9.2603125,True
LJ033-0168.wav,genuine,251792,16000,1,7.867125,True
LJ033-0181.wav,genuine,267766,16000,1,8.3663125,True
LJ033-0196.wav,genuine,202750,16000,1,6.3345625,True
LJ033-0202.wav,genuine,306034,16000,1,9.5621875,True
LJ033-0208.wav,genuine,298232,16000,1,9.318375,True
LJ034-0004.wav,genuine,288572,16000,1,9.0165,True
LJ034-0010.wav,genuine,150738,16000,1,4.7091875,True
LJ034-0016.wav,genuine,170428,16000,1,5.3245,True
LJ034-0037.wav,genuine,264794,16000,1,8.2734375,True
LJ034-0056.wav,genuine,301946,16000,1,9.4344375,True
LJ034-0063.wav,genuine,180088,16000,1,5.626375,True
LJ034-0064.wav,genuine,273340,16000,1,8.5405,True
LJ034-0071.wav,genuine,244362,16000,1,7.6349375,True
LJ034-0076.wav,genuine,201636,16000,1,6.29975,True
LJ034-0116.wav,genuine,294144,16000,1,9.190625,True
LJ034-0130.wav,genuine,154454,16000,1,4.8253125,True
LJ034-0142.wav,genuine,313836,16000,1,9.806,True
LJ034-0152.wav,genuine,198292,16000,1,6.19525,True
LJ034-0159.wav,genuine,156682,16000,1,4.8949375,True
LJ034-0186.wav,genuine,212782,16000,1,6.6480625,True
LJ034-0189.wav,genuine,238788,16000,1,7.46075,True
LJ034-0197.wav,genuine,249934,16000,1,7.8090625,True
LJ034-0201.wav,genuine,210552,16000,1,6.578375,True
LJ034-0210.wav,genuine,231358,16000,1,7.2285625,True
LJ035-0011.wav,genuine,128076,16000,1,4.001,True
LJ035-0035.wav,genuine,319780,16000,1,9.99175,True
LJ035-0056.wav,genuine,128818,16000,1,4.0241875,True
LJ035-0064.wav,genuine,193462,16000,1,6.0443125,True
LJ035-0077.wav,genuine,187518,16000,1,5.8585625,True
LJ035-0087.wav,genuine,242874,16000,1,7.5884375,True
LJ035-0101.wav,genuine,319036,16000,1,9.9685,True
LJ035-0105.wav,genuine,236560,16000,1,7.391125,True
LJ035-0110.wav,genuine,220956,16000,1,6.9035,True
LJ035-0117.wav,genuine,285228,16000,1,8.912,True
LJ035-0125.wav,genuine,133276,16000,1,4.1635,True
LJ035-0131.wav,genuine,303804,16000,1,9.4925,True
LJ035-0176.wav,genuine,314578,16000,1,9.8291875,True
LJ035-0188.wav,genuine,155940,16000,1,4.87175,True
LJ035-0194.wav,genuine,217984,16000,1,6.810625,True
LJ036-0008.wav,genuine,198292,16000,1,6.19525,True
LJ036-0017.wav,genuine,205352,16000,1,6.415875,True
LJ036-0030.wav,genuine,208324,16000,1,6.50875,True
LJ036-0031.wav,genuine,140336,16000,1,4.384125,True
LJ036-0052.wav,genuine,197922,16000,1,6.1836875,True
LJ036-0073.wav,genuine,207580,16000,1,6.4855,True
LJ036-0075.wav,genuine,193092,16000,1,6.03275,True
LJ036-0079.wav,genuine,180088,16000,1,5.626375,True
LJ036-0100.wav,genuine,177860,16000,1,5.55675,True
LJ036-0121.wav,genuine,213154,16000,1,6.6596875,True
LJ036-0131.wav,genuine,274826,16000,1,8.5869375,True
LJ036-0137.wav,genuine,207580,16000,1,6.4855,True
LJ036-0150.wav,genuine,255136,16000,1,7.971625,True
LJ036-0162.wav,genuine,314950,16000,1,9.8408125,True
LJ036-0169.wav,genuine,150366,16000,1,4.6975625,True
LJ036-0187.wav,genuine,221326,16000,1,6.9150625,True
LJ036-0198.wav,genuine,252534,16000,1,7.8903125,True
LJ036-0208.wav,genuine,316808,16000,1,9.898875,True
LJ036-0209.wav,genuine,164484,16000,1,5.13875,True
LJ037-0080.wav,genuine,313464,16000,1,9.794375,True
LJ037-0083.wav,genuine,304918,16000,1,9.5273125,True
LJ037-0090.wav,genuine,136992,16000,1,4.279625,True
LJ037-0093.wav,genuine,156682,16000,1,4.8949375,True
LJ037-0095.wav,genuine,128446,16000,1,4.0125625,True
LJ037-0098.wav,genuine,230614,16000,1,7.2053125,True
LJ037-0100.wav,genuine,180832,16000,1,5.649625,True
LJ037-0106.wav,genuine,199036,16000,1,6.2185,True
LJ037-0112.wav,genuine,168942,16000,1,5.2780625,True
LJ037-0118.wav,genuine,134762,16000,1,4.2099375,True
LJ037-0125.wav,genuine,239160,16000,1,7.472375,True
LJ037-0139.wav,genuine,317922,16000,1,9.9336875,True
LJ037-0167.wav,genuine,299718,16000,1,9.3648125,True
LJ037-0173.wav,genuine,274454,16000,1,8.5753125,True
LJ037-0186.wav,genuine,135134,16000,1,4.2215625,True
LJ037-0189.wav,genuine,260708,16000,1,8.14575,True
LJ037-0206.wav,genuine,138478,16000,1,4.3260625,True
LJ037-0214.wav,genuine,191234,16000,1,5.9746875,True
LJ037-0218.wav,genuine,252162,16000,1,7.8786875,True
LJ037-0223.wav,genuine,278912,16000,1,8.714625,True
LJ037-0224.wav,genuine,316808,16000,1,9.898875,True
LJ037-0241.wav,genuine,193462,16000,1,6.0443125,True
LJ037-0246.wav,genuine,239532,16000,1,7.484,True
LJ038-0009.wav,genuine,207580,16000,1,6.4855,True
LJ038-0011.wav,genuine,143680,16000,1,4.488625,True
LJ038-0013.wav,genuine,140336,16000,1,4.384125,True
LJ038-0030.wav,genuine,227272,16000,1,7.100875,True
LJ038-0040.wav,genuine,301574,16000,1,9.4228125,True
LJ038-0050.wav,genuine,323124,16000,1,10.09625,True
LJ038-0084.wav,genuine,173030,16000,1,5.4058125,True
LJ038-0091.wav,genuine,215010,16000,1,6.7176875,True
LJ038-0100.wav,genuine,273340,16000,1,8.5405,True
LJ038-0191.wav,genuine,296374,16000,1,9.2603125,True
LJ038-0214.wav,genuine,266280,16000,1,8.319875,True
LJ038-0222.wav,genuine,281512,16000,1,8.795875,True
LJ038-0225.wav,genuine,269996,16000,1,8.436,True
LJ038-0248.wav,genuine,283370,16000,1,8.8539375,True
LJ038-0266.wav,genuine,226528,16000,1,7.077625,True
LJ038-0277.wav,genuine,196064,16000,1,6.125625,True
LJ038-0281.wav,genuine,267024,16000,1,8.343125,True
LJ038-0292.wav,genuine,161512,16000,1,5.045875,True
LJ039-0014.wav,genuine,187890,16000,1,5.8701875,True
LJ039-0021.wav,genuine,217240,16000,1,6.787375,True
LJ039-0026.wav,genuine,296746,16000,1,9.2719375,True
LJ039-0048.wav,genuine,157426,16000,1,4.9181875,True
LJ039-0050.wav,genuine,184174,16000,1,5.7540625,True
LJ039-0066.wav,genuine,289314,16000,1,9.0396875,True
LJ039-0115.wav,genuine,181202,16000,1,5.6611875,True
LJ039-0121.wav,genuine,240274,16000,1,7.5071875,True
LJ039-0134.wav,genuine,162626,16000,1,5.0806875,True
LJ039-0182.wav,genuine,188634,16000,1,5.8934375,True
LJ039-0199.wav,genuine,296746,16000,1,9.2719375,True
LJ039-0207.wav,genuine,149252,16000,1,4.66275,True
LJ039-0210.wav,genuine,272224,16000,1,8.505625,True
LJ039-0217.wav,genuine,229872,16000,1,7.182125,True
LJ039-0244.wav,genuine,175258,16000,1,5.4754375,True
LJ040-0039.wav,genuine,152968,16000,1,4.778875,True
LJ040-0081.wav,genuine,312720,16000,1,9.771125,True
LJ040-0086.wav,genuine,169686,16000,1,5.3013125,True
LJ040-0087.wav,genuine,288200,16000,1,9.004875,True
LJ040-0120.wav,genuine,265538,16000,1,8.2966875,True
LJ040-0121.wav,genuine,196064,16000,1,6.125625,True
LJ040-0128.wav,genuine,183432,16000,1,5.730875,True
LJ040-0138.wav,genuine,170428,16000,1,5.3245,True
LJ040-0175.wav,genuine,151110,16000,1,4.7208125,True
LJ040-0188.wav,genuine,313836,16000,1,9.806,True
LJ040-0191.wav,genuine,272224,16000,1,8.505625,True
LJ040-0208.wav,genuine,167456,16000,1,5.231625,True
LJ040-0221.wav,genuine,295260,16000,1,9.2255,True
LJ040-0232.wav,genuine,225786,16000,1,7.0544375,True
LJ040-0234.wav,genuine,219098,16000,1,6.8454375,True
LJ040-0238.wav,genuine,233216,16000,1,7.286625,True
LJ041-0029.wav,genuine,172286,16000,1,5.3825625,True
LJ041-0042.wav,genuine,275568,16000,1,8.610125,True
LJ041-0052.wav,genuine,190490,16000,1,5.9514375,True
LJ041-0067.wav,genuine,174886,16000,1,5.4638125,True
LJ041-0080.wav,genuine,167828,16000,1,5.24325,True
LJ041-0084.wav,genuine,314206,16000,1,9.8175625,True
LJ041-0087.wav,genuine,287086,16000,1,8.9700625,True
LJ041-0095.wav,genuine,240274,16000,1,7.5071875,True
LJ041-0102.wav,genuine,181202,16000,1,5.6611875,True
LJ041-0104.wav,genuine,173772,16000,1,5.429,True
LJ041-0115.wav,genuine,311234,16000,1,9.7246875,True
LJ041-0119.wav,genuine,213896,16000,1,6.682875,True
LJ041-0134.wav,genuine,284856,16000,1,8.900375,True
LJ041-0142.wav,genuine,131790,16000,1,4.1170625,True
LJ041-0146.wav,genuine,277798,16000,1,8.6798125,True
LJ041-0153.wav,genuine,161884,16000,1,5.0575,True
LJ041-0154.wav,genuine,205352,16000,1,6.415875,True
LJ041-0183.wav,genuine,287458,16000,1,8.9816875,True
LJ041-0189.wav,genuine,304548,16000,1,9.51575,True
LJ041-0203.wav,genuine,217984,16000,1,6.810625,True
LJ042-0007.wav,genuine,233216,16000,1,7.286625,True
LJ042-0024.wav,genuine,221698,16000,1,6.9266875,True
LJ042-0025.wav,genuine,229500,16000,1,7.1705,True
LJ042-0045.wav,genuine,223556,16000,1,6.98475,True
LJ042-0050.wav,genuine,280026,16000,1,8.7494375,True
LJ042-0054.wav,genuine,288200,16000,1,9.004875,True
LJ042-0074.wav,genuine,206094,16000,1,6.4390625,True
LJ042-0092.wav,genuine,246962,16000,1,7.7161875,True
LJ042-0113.wav,genuine,229128,16000,1,7.158875,True
LJ042-0125.wav,genuine,319780,16000,1,9.99175,True
LJ042-0131.wav,genuine,244362,16000,1,7.6349375,True
LJ042-0132.wav,genuine,225414,16000,1,7.0428125,True
LJ042-0147.wav,genuine,222442,16000,1,6.9499375,True
LJ042-0156.wav,genuine,233958,16000,1,7.3098125,True
LJ042-0176.wav,genuine,290800,16000,1,9.086125,True
LJ042-0205.wav,genuine,225414,16000,1,7.0428125,True
LJ042-0208.wav,genuine,215382,16000,1,6.7293125,True
LJ042-0219.wav,genuine,320894,16000,1,10.0265625,True
LJ042-0225.wav,genuine,277054,16000,1,8.6565625,True
LJ043-0045.wav,genuine,236930,16000,1,7.4026875,True
LJ043-0048.wav,genuine,317550,16000,1,9.9220625,True
LJ043-0049.wav,genuine,262936,16000,1,8.215375,True
LJ043-0051.wav,genuine,229128,16000,1,7.158875,True
LJ043-0089.wav,genuine,293030,16000,1,9.1558125,True
LJ043-0119.wav,genuine,147022,16000,1,4.5930625,True
LJ043-0126.wav,genuine,314578,16000,1,9.8291875,True
LJ043-0136.wav,genuine,297860,16000,1,9.30675,True
LJ044-0001.wav,genuine,132162,16000,1,4.1286875,True
LJ044-0006.wav,genuine,187518,16000,1,5.8585625,True
LJ044-0011.wav,genuine,224670,16000,1,7.0195625,True
LJ044-0018.wav,genuine,309006,16000,1,9.6550625,True
LJ044-0026.wav,genuine,214268,16000,1,6.6945,True
LJ044-0030.wav,genuine,140708,16000,1,4.39575,True
LJ044-0047.wav,genuine,260336,16000,1,8.134125,True
LJ044-0052.wav,genuine,165970,16000,1,5.1851875,True
LJ044-0057.wav,genuine,256622,16000,1,8.0180625,True
LJ044-0062.wav,genuine,222442,16000,1,6.9499375,True
LJ044-0081.wav,genuine,169686,16000,1,5.3013125,True
LJ044-0092.wav,genuine,236560,16000,1,7.391125,True
LJ044-0121.wav,genuine,277426,16000,1,8.6681875,True
LJ044-0153.wav,genuine,311606,16000,1,9.7363125,True
LJ044-0162.wav,genuine,302318,16000,1,9.4460625,True
LJ044-0175.wav,genuine,298602,16000,1,9.3299375,True
LJ044-0183.wav,genuine,307890,16000,1,9.6201875,True
LJ044-0185.wav,genuine,228386,16000,1,7.1356875,True
LJ044-0196.wav,genuine,211668,16000,1,6.61325,True
LJ044-0228.wav,genuine,197550,16000,1,6.1720625,True
LJ044-0236.wav,genuine,217612,16000,1,6.799,True
LJ044-0237.wav,genuine,200894,16000,1,6.2765625,True
LJ045-0035.wav,genuine,164484,16000,1,5.13875,True
LJ045-0045.wav,genuine,168572,16000,1,5.2665,True
LJ045-0063.wav,genuine,261822,16000,1,8.1805625,True
LJ045-0071.wav,genuine,183432,16000,1,5.730875,True
LJ045-0112.wav,genuine,288200,16000,1,9.004875,True
LJ045-0129.wav,genuine,191976,16000,1,5.997875,True
LJ045-0136.wav,genuine,144422,16000,1,4.5118125,True
LJ045-0140.wav,genuine,298232,16000,1,9.318375,True
LJ045-0144.wav,genuine,281142,16000,1,8.7843125,True
LJ045-0179.wav,genuine,262194,16000,1,8.1921875,True
LJ045-0187.wav,genuine,172286,16000,1,5.3825625,True
LJ045-0240.wav,genuine,238416,16000,1,7.449125,True
LJ045-0247.wav,genuine,209066,16000,1,6.5319375,True
LJ045-0249.wav,genuine,199036,16000,1,6.2185,True
LJ046-0001.wav,genuine,217240,16000,1,6.787375,True
LJ046-0002.wav,genuine,243990,16000,1,7.6233125,True
LJ046-0011.wav,genuine,194206,16000,1,6.0675625,True
LJ046-0021.wav,genuine,240646,16000,1,7.5188125,True
LJ046-0049.wav,genuine,245476,16000,1,7.66975,True
LJ046-0053.wav,genuine,152968,16000,1,4.778875,True
LJ046-0068.wav,genuine,196806,16000,1,6.1488125,True
LJ046-0071.wav,genuine,197178,16000,1,6.1604375,True
LJ046-0090.wav,genuine,301946,16000,1,9.4344375,True
LJ046-0108.wav,genuine,160770,16000,1,5.0226875,True
LJ046-0110.wav,genuine,245476,16000,1,7.66975,True
LJ046-0112.wav,genuine,173400,16000,1,5.417375,True
LJ046-0115.wav,genuine,134392,16000,1,4.198375,True
LJ046-0125.wav,genuine,141822,16000,1,4.4305625,True
LJ046-0144.wav,genuine,275198,16000,1,8.5985625,True
LJ046-0150.wav,genuine,285972,16000,1,8.93525,True
LJ046-0160.wav,genuine,228386,16000,1,7.1356875,True
LJ046-0166.wav,genuine,219840,16000,1,6.868625,True
LJ046-0169.wav,genuine,252534,16000,1,7.8903125,True
LJ046-0173.wav,genuine,244362,16000,1,7.6349375,True
LJ046-0184.wav,genuine,310492,16000,1,9.7015,True
LJ046-0185.wav,genuine,188634,16000,1,5.8934375,True
LJ046-0187.wav,genuine,303804,16000,1,9.4925,True
LJ046-0190.wav,genuine,215382,16000,1,6.7293125,True
LJ046-0206.wav,genuine,260336,16000,1,8.134125,True
LJ046-0211.wav,genuine,318664,16000,1,9.956875,True
LJ046-0226.wav,genuine,219840,16000,1,6.868625,True
LJ046-0233.wav,genuine,161140,16000,1,5.03425,True
LJ046-0237.wav,genuine,170800,16000,1,5.336125,True
LJ046-0253.wav,genuine,254392,16000,1,7.948375,True
LJ047-0036.wav,genuine,221326,16000,1,6.9150625,True
LJ047-0037.wav,genuine,233586,16000,1,7.2981875,True
LJ047-0044.wav,genuine,292658,16000,1,9.1441875,True
LJ047-0057.wav,genuine,315692,16000,1,9.864,True
LJ047-0090.wav,genuine,238416,16000,1,7.449125,True
LJ047-0140.wav,genuine,249190,16000,1,7.7858125,True
LJ047-0146.wav,genuine,164112,16000,1,5.127125,True
LJ047-0164.wav,genuine,217984,16000,1,6.810625,True
LJ047-0166.wav,genuine,200150,16000,1,6.2533125,True
LJ047-0171.wav,genuine,225786,16000,1,7.0544375,True
LJ047-0181.wav,genuine,316436,16000,1,9.88725,True
LJ047-0193.wav,genuine,135878,16000,1,4.2448125,True
LJ047-0209.wav,genuine,321266,16000,1,10.0381875,True
LJ047-0212.wav,genuine,188262,16000,1,5.8818125,True
LJ047-0221.wav,genuine,168572,16000,1,5.2665,True
LJ047-0225.wav,genuine,238416,16000,1,7.449125,True
LJ047-0235.wav,genuine,165970,16000,1,5.1851875,True
LJ047-0250.wav,genuine,197550,16000,1,6.1720625,True
LJ048-0035.wav,genuine,233586,16000,1,7.2981875,True
LJ048-0039.wav,genuine,274082,16000,1,8.5636875,True
LJ048-0047.wav,genuine,186404,16000,1,5.82375,True
LJ048-0055.wav,genuine,252162,16000,1,7.8786875,True
LJ048-0071.wav,genuine,293402,16000,1,9.1674375,True
LJ048-0090.wav,genuine,278540,16000,1,8.703,True
LJ048-0111.wav,genuine,216126,16000,1,6.7525625,True
LJ048-0143.wav,genuine,233216,16000,1,7.286625,True
LJ048-0144.wav,genuine,211296,16000,1,6.601625,True
LJ048-0169.wav,genuine,243246,16000,1,7.6000625,True
LJ048-0184.wav,genuine,286714,16000,1,8.9584375,True
LJ048-0191.wav,genuine,157798,16000,1,4.9298125,True
LJ048-0208.wav,genuine,244732,16000,1,7.6465,True
LJ048-0221.wav,genuine,137734,16000,1,4.3028125,True
LJ048-0269.wav,genuine,320522,16000,1,10.0149375,True
LJ048-0274.wav,genuine,150366,16000,1,4.6975625,True
LJ049-0035.wav,genuine,258478,16000,1,8.0760625,True
LJ049-0059.wav,genuine,214268,16000,1,6.6945,True
LJ049-0074.wav,genuine,275568,16000,1,8.610125,True
LJ049-0121.wav,genuine,272596,16000,1,8.51725,True
LJ049-0135.wav,genuine,135134,16000,1,4.2215625,True
LJ049-0146.wav,genuine,255136,16000,1,7.971625,True
LJ049-0147.wav,genuine,279656,16000,1,8.737875,True
LJ049-0149.wav,genuine,288200,16000,1,9.004875,True
LJ049-0165.wav,genuine,294144,16000,1,9.190625,True
LJ049-0167.wav,genuine,139964,16000,1,4.3725,True
LJ049-0173.wav,genuine,285228,16000,1,8.912,True
LJ049-0206.wav,genuine,179716,16000,1,5.61475,True
LJ049-0208.wav,genuine,227272,16000,1,7.100875,True
LJ050-0001.wav,genuine,303062,16000,1,9.4693125,True
LJ050-0016.wav,genuine,309748,16000,1,9.67825,True
LJ050-0020.wav,genuine,201636,16000,1,6.29975,True
LJ050-0052.wav,genuine,190862,16000,1,5.9630625,True
LJ050-0065.wav,genuine,295630,16000,1,9.2370625,True
LJ050-0080.wav,genuine,156682,16000,1,4.8949375,True
LJ050-0091.wav,genuine,226528,16000,1,7.077625,True
LJ050-0098.wav,genuine,255506,16000,1,7.9831875,True
LJ050-0099.wav,genuine,288200,16000,1,9.004875,True
LJ050-0114.wav,genuine,168942,16000,1,5.2780625,True
LJ050-0125.wav,genuine,247704,16000,1,7.739375,True
LJ050-0128.wav,genuine,244362,16000,1,7.6349375,True
LJ050-0136.wav,genuine,271854,16000,1,8.4940625,True
LJ050-0142.wav,genuine,219840,16000,1,6.868625,True
LJ050-0152.wav,genuine,149996,16000,1,4.686,True
LJ050-0154.wav,genuine,184174,16000,1,5.7540625,True
LJ050-0189.wav,genuine,226156,16000,1,7.066,True
LJ050-0199.wav,genuine,189376,16000,1,5.916625,True
LJ050-0229.wav,genuine,301204,16000,1,9.41125,True
LJ050-0249.wav,genuine,165970,16000,1,5.1851875,True
LJ050-0260.wav,genuine,194578,16000,1,6.0791875,True
LJ050-0265.wav,genuine,296746,16000,1,9.2719375,True
LJ001-0001_generated.wav,spoof,308778,16000,1,9.6479375,True
LJ001-0003_generated.wav,spoof,309150,16000,1,9.6595625,True
LJ001-0004_generated.wav,spoof,164256,16000,1,5.131625,True
LJ001-0005_generated.wav,spoof,259366,16000,1,8.1038125,True
LJ001-0006_generated.wav,spoof,181718,16000,1,5.6773125,True
LJ001-0007_generated.wav,spoof,268282,16000,1,8.3824375,True
LJ001-0009_generated.wav,spoof,241532,16000,1,7.5465,True
LJ001-0010_generated.wav,spoof,282028,16000,1,8.812,True
LJ001-0011_generated.wav,spoof,144194,16000,1,4.5046875,True
LJ001-0012_generated.wav,spoof,263452,16000,1,8.2315,True
LJ001-0014_generated.wav,spoof,318066,16000,1,9.9381875,True
LJ001-0015_generated.wav,spoof,295402,16000,1,9.2299375,True
LJ001-0016_generated.wav,spoof,168344,16000,1,5.259375,True
LJ001-0017_generated.wav,spoof,224442,16000,1,7.0124375,True
LJ001-0018_generated.wav,spoof,239304,16000,1,7.476875,True
LJ001-0019_generated.wav,spoof,205124,16000,1,6.40875,True
LJ001-0020_generated.wav,spoof,149396,16000,1,4.66725,True
LJ001-0021_generated.wav,spoof,275340,16000,1,8.603,True
LJ001-0022_generated.wav,spoof,225558,16000,1,7.0473125,True
LJ001-0023_generated.wav,spoof,270140,16000,1,8.4405,True
LJ001-0024_generated.wav,spoof,251192,16000,1,7.848375,True
LJ001-0025_generated.wav,spoof,283514,16000,1,8.8584375,True
LJ001-0026_generated.wav,spoof,194722,16000,1,6.0836875,True
LJ001-0027_generated.wav,spoof,308406,16000,1,9.6363125,True
LJ001-0028_generated.wav,spoof,189520,16000,1,5.921125,True
LJ001-0029_generated.wav,spoof,170200,16000,1,5.317375,True
LJ001-0030_generated.wav,spoof,221098,16000,1,6.9079375,True
LJ001-0031_generated.wav,spoof,251192,16000,1,7.848375,True
LJ001-0032_generated.wav,spoof,226300,16000,1,7.0705,True
LJ001-0033_generated.wav,spoof,219984,16000,1,6.873125,True
LJ001-0034_generated.wav,spoof,290574,16000,1,9.0790625,True
LJ001-0035_generated.wav,spoof,161656,16000,1,5.050375,True
LJ001-0036_generated.wav,spoof,234474,16000,1,7.3259375,True
LJ001-0037_generated.wav,spoof,136022,16000,1,4.2493125,True
LJ001-0038_generated.wav,spoof,311006,16000,1,9.7175625,True
LJ001-0040_generated.wav,spoof,242648,16000,1,7.581375,True
LJ001-0041_generated.wav,spoof,158312,16000,1,4.945875,True
LJ001-0042_generated.wav,spoof,213298,16000,1,6.6641875,True
LJ001-0044_generated.wav,spoof,223328,16000,1,6.977625,True
LJ001-0046_generated.wav,spoof,172802,16000,1,5.3986875,True
LJ001-0047_generated.wav,spoof,189520,16000,1,5.921125,True
LJ001-0048_generated.wav,spoof,202152,16000,1,6.315875,True
LJ001-0049_generated.wav,spoof,246734,16000,1,7.7090625,True
LJ001-0050_generated.wav,spoof,232616,16000,1,7.267875,True
LJ001-0051_generated.wav,spoof,155340,16000,1,4.853,True
LJ001-0052_generated.wav,spoof,171686,16000,1,5.3638125,True
LJ001-0053_generated.wav,spoof,146424,16000,1,4.574375,True
LJ001-0054_generated.wav,spoof,138622,16000,1,4.3305625,True
LJ001-0055_generated.wav,spoof,275340,16000,1,8.603,True
LJ001-0056_generated.wav,spoof,175774,16000,1,5.4915625,True
LJ001-0057_generated.wav,spoof,271254,16000,1,8.4753125,True
LJ001-0058_generated.wav,spoof,235960,16000,1,7.372375,True
LJ001-0059_generated.wav,spoof,289830,16000,1,9.0558125,True
LJ001-0060_generated.wav,spoof,216640,16000,1,6.768625,True
LJ001-0062_generated.wav,spoof,166486,16000,1,5.2013125,True
LJ001-0063_generated.wav,spoof,146052,16000,1,4.56275,True
LJ001-0064_generated.wav,spoof,188034,16000,1,5.8746875,True
LJ001-0065_generated.wav,spoof,226300,16000,1,7.0705,True
LJ001-0066_generated.wav,spoof,306548,16000,1,9.57825,True
LJ001-0067_generated.wav,spoof,222956,16000,1,6.966,True
LJ001-0068_generated.wav,spoof,291688,16000,1,9.113875,True
LJ001-0069_generated.wav,spoof,178002,16000,1,5.5611875,True
LJ001-0070_generated.wav,spoof,248962,16000,1,7.7786875,True
LJ001-0071_generated.wav,spoof,235588,16000,1,7.36075,True
LJ001-0072_generated.wav,spoof,207724,16000,1,6.49,True
LJ001-0073_generated.wav,spoof,226672,16000,1,7.082125,True
LJ001-0074_generated.wav,spoof,208096,16000,1,6.501625,True
LJ001-0075_generated.wav,spoof,217756,16000,1,6.8035,True
LJ001-0076_generated.wav,spoof,286858,16000,1,8.9629375,True
LJ001-0077_generated.wav,spoof,299490,16000,1,9.3576875,True
LJ001-0079_generated.wav,spoof,141222,16000,1,4.4118125,True
LJ001-0080_generated.wav,spoof,172430,16000,1,5.3870625,True
LJ001-0081_generated.wav,spoof,145310,16000,1,4.5395625,True
LJ001-0082_generated.wav,spoof,220728,16000,1,6.896375,True
LJ001-0083_generated.wav,spoof,159798,16000,1,4.9923125,True
LJ001-0084_generated.wav,spoof,134534,16000,1,4.2028125,True
LJ001-0085_generated.wav,spoof,266052,16000,1,8.31275,True
LJ001-0086_generated.wav,spoof,216640,16000,1,6.768625,True
LJ001-0087_generated.wav,spoof,263824,16000,1,8.243125,True
LJ001-0088_generated.wav,spoof,279800,16000,1,8.742375,True
LJ001-0089_generated.wav,spoof,277198,16000,1,8.6610625,True
LJ001-0091_generated.wav,spoof,212926,16000,1,6.6525625,True
LJ001-0092_generated.wav,spoof,255278,16000,1,7.9760625,True
LJ001-0093_generated.wav,spoof,227786,16000,1,7.1169375,True
LJ001-0094_generated.wav,spoof,137508,16000,1,4.29575,True
LJ001-0095_generated.wav,spoof,134164,16000,1,4.19125,True
LJ001-0096_generated.wav,spoof,309150,16000,1,9.6595625,True
LJ001-0097_generated.wav,spoof,263452,16000,1,8.2315,True
LJ001-0098_generated.wav,spoof,148652,16000,1,4.644,True
LJ001-0099_generated.wav,spoof,256764,16000,1,8.0225,True
LJ001-0100_generated.wav,spoof,274598,16000,1,8.5798125,True
LJ001-0101_generated.wav,spoof,237446,16000,1,7.4188125,True
LJ001-0102_generated.wav,spoof,164628,16000,1,5.14325,True
LJ001-0103_generated.wav,spoof,171686,16000,1,5.3638125,True
LJ001-0105_generated.wav,spoof,273112,16000,1,8.533375,True
LJ001-0106_generated.wav,spoof,271998,16000,1,8.4985625,True
LJ001-0108_generated.wav,spoof,185062,16000,1,5.7818125,True
LJ001-0109_generated.wav,spoof,290944,16000,1,9.090625,True
LJ001-0110_generated.wav,spoof,187662,16000,1,5.8630625,True
LJ001-0111_generated.wav,spoof,222214,16000,1,6.9428125,True
LJ001-0112_generated.wav,spoof,128962,16000,1,4.0286875,True
LJ001-0113_generated.wav,spoof,173544,16000,1,5.421875,True
LJ001-0114_generated.wav,spoof,136022,16000,1,4.2493125,True
LJ001-0115_generated.wav,spoof,265682,16000,1,8.3011875,True
LJ001-0116_generated.wav,spoof,287600,16000,1,8.986125,True
LJ001-0117_generated.wav,spoof,212554,16000,1,6.6409375,True
LJ001-0118_generated.wav,spoof,167600,16000,1,5.236125,True
LJ001-0119_generated.wav,spoof,186920,16000,1,5.839875,True
LJ001-0120_generated.wav,spoof,222956,16000,1,6.966,True
LJ001-0121_generated.wav,spoof,204010,16000,1,6.3739375,True
LJ001-0122_generated.wav,spoof,208838,16000,1,6.5248125,True
LJ001-0124_generated.wav,spoof,268654,16000,1,8.3940625,True
LJ001-0127_generated.wav,spoof,309892,16000,1,9.68275,True
LJ001-0128_generated.wav,spoof,319180,16000,1,9.973,True
LJ001-0130_generated.wav,spoof,192864,16000,1,6.025625,True
LJ001-0131_generated.wav,spoof,207724,16000,1,6.49,True
LJ001-0132_generated.wav,spoof,260852,16000,1,8.15025,True
LJ001-0133_generated.wav,spoof,280914,16000,1,8.7771875,True
LJ001-0134_generated.wav,spoof,176888,16000,1,5.526375,True
LJ001-0135_generated.wav,spoof,137508,16000,1,4.29575,True
LJ001-0136_generated.wav,spoof,183948,16000,1,5.747,True
LJ001-0137_generated.wav,spoof,150510,16000,1,4.7020625,True
LJ001-0138_generated.wav,spoof,201780,16000,1,6.30425,True
LJ001-0139_generated.wav,spoof,167972,16000,1,5.24775,True
LJ001-0140_generated.wav,spoof,198808,16000,1,6.211375,True
LJ001-0142_generated.wav,spoof,279056,16000,1,8.719125,True
LJ001-0143_generated.wav,spoof,196950,16000,1,6.1533125,True
LJ001-0144_generated.wav,spoof,136392,16000,1,4.260875,True
LJ001-0145_generated.wav,spoof,229272,16000,1,7.163375,True
LJ001-0146_generated.wav,spoof,152740,16000,1,4.77175,True
LJ001-0147_generated.wav,spoof,191378,16000,1,5.9791875,True
LJ001-0148_generated.wav,spoof,221098,16000,1,6.9079375,True
LJ001-0149_generated.wav,spoof,195836,16000,1,6.1185,True
LJ001-0150_generated.wav,spoof,274970,16000,1,8.5914375,True
LJ001-0151_generated.wav,spoof,144194,16000,1,4.5046875,True
LJ001-0152_generated.wav,spoof,299862,16000,1,9.3693125,True
LJ001-0153_generated.wav,spoof,206982,16000,1,6.4668125,True
LJ001-0154_generated.wav,spoof,282772,16000,1,8.83525,True
LJ001-0155_generated.wav,spoof,136022,16000,1,4.2493125,True
LJ001-0156_generated.wav,spoof,164628,16000,1,5.14325,True
LJ001-0157_generated.wav,spoof,141966,16000,1,4.4350625,True
LJ001-0158_generated.wav,spoof,257508,16000,1,8.04575,True
LJ001-0159_generated.wav,spoof,269024,16000,1,8.405625,True
LJ001-0161_generated.wav,spoof,132678,16000,1,4.1448125,True
LJ001-0162_generated.wav,spoof,299490,16000,1,9.3576875,True
LJ001-0163_generated.wav,spoof,204380,16000,1,6.3855,True
LJ001-0164_generated.wav,spoof,245620,16000,1,7.67425,True
LJ001-0166_generated.wav,spoof,269024,16000,1,8.405625,True
LJ001-0167_generated.wav,spoof,161284,16000,1,5.03875,True
LJ001-0168_generated.wav,spoof,237818,16000,1,7.4304375,True
LJ001-0169_generated.wav,spoof,318808,16000,1,9.961375,True
LJ001-0171_generated.wav,spoof,311378,16000,1,9.7291875,True
LJ001-0172_generated.wav,spoof,244504,16000,1,7.639375,True
LJ001-0173_generated.wav,spoof,291316,16000,1,9.10225,True
LJ001-0175_generated.wav,spoof,134164,16000,1,4.19125,True
LJ001-0176_generated.wav,spoof,185804,16000,1,5.805,True
LJ001-0177_generated.wav,spoof,147910,16000,1,4.6208125,True
LJ001-0178_generated.wav,spoof,227414,16000,1,7.1053125,True
LJ001-0180_generated.wav,spoof,228900,16000,1,7.15175,True
LJ001-0181_generated.wav,spoof,147538,16000,1,4.6091875,True
LJ001-0182_generated.wav,spoof,196208,16000,1,6.130125,True
LJ001-0183_generated.wav,spoof,274970,16000,1,8.5914375,True
LJ001-0184_generated.wav,spoof,262338,16000,1,8.1966875,True
LJ001-0186_generated.wav,spoof,243018,16000,1,7.5929375,True
LJ002-0001_generated.wav,spoof,261594,16000,1,8.1734375,True
LJ002-0003_generated.wav,spoof,320666,16000,1,10.0194375,True
LJ002-0004_generated.wav,spoof,154226,16000,1,4.8181875,True
LJ002-0006_generated.wav,spoof,262338,16000,1,8.1966875,True
LJ002-0008_generated.wav,spoof,253422,16000,1,7.9180625,True
LJ002-0010_generated.wav,spoof,249706,16000,1,7.8019375,True
LJ002-0011_generated.wav,spoof,306920,16000,1,9.589875,True
LJ002-0013_generated.wav,spoof,321038,16000,1,10.0310625,True
LJ002-0014_generated.wav,spoof,317322,16000,1,9.9149375,True
LJ002-0015_generated.wav,spoof,192864,16000,1,6.025625,True
LJ002-0016_generated.wav,spoof,280542,16000,1,8.7655625,True
LJ002-0017_generated.wav,spoof,245248,16000,1,7.662625,True
LJ002-0018_generated.wav,spoof,230758,16000,1,7.2098125,True
LJ002-0021_generated.wav,spoof,290574,16000,1,9.0790625,True
LJ002-0022_generated.wav,spoof,223700,16000,1,6.98925,True
LJ002-0024_generated.wav,spoof,279428,16000,1,8.73075,True
LJ002-0025_generated.wav,spoof,255650,16000,1,7.9876875,True
LJ002-0026_generated.wav,spoof,139364,16000,1,4.35375,True
LJ002-0027_generated.wav,spoof,305062,16000,1,9.5318125,True
LJ002-0028_generated.wav,spoof,281656,16000,1,8.800375,True
LJ002-0030_generated.wav,spoof,292430,16000,1,9.1370625,True
LJ002-0031_generated.wav,spoof,316208,16000,1,9.880125,True
LJ002-0033_generated.wav,spoof,241532,16000,1,7.5465,True
LJ002-0034_generated.wav,spoof,284628,16000,1,8.89325,True
LJ002-0036_generated.wav,spoof,192120,16000,1,6.002375,True
LJ002-0037_generated.wav,spoof,146052,16000,1,4.56275,True
LJ002-0038_generated.wav,spoof,195464,16000,1,6.106875,True
LJ002-0039_generated.wav,spoof,162398,16000,1,5.0735625,True
LJ002-0040_generated.wav,spoof,184318,16000,1,5.7585625,True
LJ002-0041_generated.wav,spoof,273484,16000,1,8.545,True
LJ002-0042_generated.wav,spoof,228158,16000,1,7.1285625,True
LJ002-0043_generated.wav,spoof,245990,16000,1,7.6858125,True
LJ002-0046_generated.wav,spoof,279800,16000,1,8.742375,True
LJ002-0047_generated.wav,spoof,170944,16000,1,5.340625,True
LJ002-0048_generated.wav,spoof,223700,16000,1,6.98925,True
LJ002-0049_generated.wav,spoof,164628,16000,1,5.14325,True
LJ002-0050_generated.wav,spoof,212926,16000,1,6.6525625,True
LJ002-0051_generated.wav,spoof,189148,16000,1,5.9095,True
LJ002-0052_generated.wav,spoof,169830,16000,1,5.3058125,True
LJ002-0053_generated.wav,spoof,150138,16000,1,4.6904375,True
LJ002-0054_generated.wav,spoof,246734,16000,1,7.7090625,True
LJ002-0055_generated.wav,spoof,279056,16000,1,8.719125,True
LJ002-0056_generated.wav,spoof,305062,16000,1,9.5318125,True
LJ002-0057_generated.wav,spoof,163884,16000,1,5.12,True
LJ002-0058_generated.wav,spoof,243390,16000,1,7.6045625,True
LJ002-0059_generated.wav,spoof,264938,16000,1,8.2779375,True
LJ002-0060_generated.wav,spoof,287230,16000,1,8.9745625,True
LJ002-0061_generated.wav,spoof,183576,16000,1,5.735375,True
LJ002-0062_generated.wav,spoof,308034,16000,1,9.6246875,True
LJ002-0063_generated.wav,spoof,286114,16000,1,8.9396875,True
LJ002-0064_generated.wav,spoof,269396,16000,1,8.41725,True
LJ002-0066_generated.wav,spoof,310636,16000,1,9.706,True
LJ002-0067_generated.wav,spoof,248220,16000,1,7.7555,True
LJ002-0068_generated.wav,spoof,317694,16000,1,9.9265625,True
LJ002-0070_generated.wav,spoof,129334,16000,1,4.0403125,True
LJ002-0071_generated.wav,spoof,230016,16000,1,7.186625,True
LJ002-0072_generated.wav,spoof,275712,16000,1,8.614625,True
LJ002-0073_generated.wav,spoof,155340,16000,1,4.853,True
LJ002-0074_generated.wav,spoof,312122,16000,1,9.7524375,True
LJ002-0075_generated.wav,spoof,148652,16000,1,4.644,True
LJ002-0077_generated.wav,spoof,220728,16000,1,6.896375,True
LJ002-0078_generated.wav,spoof,144566,16000,1,4.5163125,True
LJ002-0079_generated.wav,spoof,293916,16000,1,9.1835,True
LJ002-0080_generated.wav,spoof,160170,16000,1,5.0039375,True
LJ002-0081_generated.wav,spoof,167228,16000,1,5.2245,True
LJ002-0082_generated.wav,spoof,302090,16000,1,9.4389375,True
LJ002-0084_generated.wav,spoof,236332,16000,1,7.384,True
LJ002-0085_generated.wav,spoof,290202,16000,1,9.0674375,True
LJ002-0086_generated.wav,spoof,308034,16000,1,9.6246875,True
LJ002-0087_generated.wav,spoof,193606,16000,1,6.0488125,True
LJ002-0088_generated.wav,spoof,143822,16000,1,4.4930625,True
LJ002-0089_generated.wav,spoof,205124,16000,1,6.40875,True
LJ002-0090_generated.wav,spoof,148282,16000,1,4.6324375,True
LJ002-0091_generated.wav,spoof,195092,16000,1,6.09525,True
LJ002-0092_generated.wav,spoof,154968,16000,1,4.841375,True
LJ002-0093_generated.wav,spoof,153110,16000,1,4.7833125,True
LJ002-0094_generated.wav,spoof,178002,16000,1,5.5611875,True
LJ002-0095_generated.wav,spoof,302462,16000,1,9.4505625,True
LJ002-0096_generated.wav,spoof,140108,16000,1,4.377,True
LJ002-0097_generated.wav,spoof,285372,16000,1,8.9165,True
LJ002-0098_generated.wav,spoof,238560,16000,1,7.453625,True
LJ002-0099_generated.wav,spoof,264938,16000,1,8.2779375,True
LJ002-0100_generated.wav,spoof,175030,16000,1,5.4683125,True
LJ002-0101_generated.wav,spoof,151996,16000,1,4.7485,True
LJ002-0102_generated.wav,spoof,189892,16000,1,5.93275,True
LJ002-0103_generated.wav,spoof,254536,16000,1,7.952875,True
LJ002-0104_generated.wav,spoof,264566,16000,1,8.2663125,True
LJ002-0105_generated.wav,spoof,195464,16000,1,6.106875,True
LJ002-0106_generated.wav,spoof,200294,16000,1,6.2578125,True
LJ002-0107_generated.wav,spoof,312492,16000,1,9.764,True
LJ002-0108_generated.wav,spoof,260480,16000,1,8.138625,True
LJ002-0110_generated.wav,spoof,302462,16000,1,9.4505625,True
LJ002-0111_generated.wav,spoof,139736,16000,1,4.365375,True
LJ002-0112_generated.wav,spoof,250820,16000,1,7.83675,True
LJ002-0113_generated.wav,spoof,200294,16000,1,6.2578125,True
LJ002-0116_generated.wav,spoof,135278,16000,1,4.2260625,True
LJ002-0117_generated.wav,spoof,159426,16000,1,4.9806875,True
LJ002-0118_generated.wav,spoof,155340,16000,1,4.853,True
LJ002-0120_generated.wav,spoof,276826,16000,1,8.6494375,True
LJ002-0121_generated.wav,spoof,255650,16000,1,7.9876875,True
LJ002-0122_generated.wav,spoof,289458,16000,1,9.0441875,True
LJ002-0123_generated.wav,spoof,178746,16000,1,5.5844375,True
LJ002-0124_generated.wav,spoof,171316,16000,1,5.35225,True
LJ002-0126_generated.wav,spoof,263452,16000,1,8.2315,True
LJ002-0127_generated.wav,spoof,228158,16000,1,7.1285625,True
LJ002-0128_generated.wav,spoof,194722,16000,1,6.0836875,True
LJ002-0129_generated.wav,spoof,194722,16000,1,6.0836875,True
LJ002-0130_generated.wav,spoof,244876,16000,1,7.651,True
LJ002-0132_generated.wav,spoof,295402,16000,1,9.2299375,True
LJ002-0133_generated.wav,spoof,305062,16000,1,9.5318125,True
LJ002-0134_generated.wav,spoof,199922,16000,1,6.2461875,True
LJ002-0135_generated.wav,spoof,281656,16000,1,8.800375,True
LJ002-0137_generated.wav,spoof,319924,16000,1,9.99625,True
LJ002-0138_generated.wav,spoof,261224,16000,1,8.161875,True
LJ002-0140_generated.wav,spoof,277942,16000,1,8.6843125,True
LJ002-0141_generated.wav,spoof,136764,16000,1,4.2725,True
LJ002-0143_generated.wav,spoof,157198,16000,1,4.9110625,True
LJ002-0144_generated.wav,spoof,298374,16000,1,9.3228125,True
LJ002-0145_generated.wav,spoof,245620,16000,1,7.67425,True
LJ002-0146_generated.wav,spoof,216270,16000,1,6.7570625,True
LJ002-0147_generated.wav,spoof,264938,16000,1,8.2779375,True
LJ002-0148_generated.wav,spoof,187290,16000,1,5.8514375,True
LJ002-0149_generated.wav,spoof,253050,16000,1,7.9064375,True
LJ002-0152_generated.wav,spoof,267538,16000,1,8.3591875,True
LJ002-0154_generated.wav,spoof,287972,16000,1,8.99775,True
LJ002-0156_generated.wav,spoof,288344,16000,1,9.009375,True
LJ002-0157_generated.wav,spoof,250820,16000,1,7.83675,True
LJ002-0158_generated.wav,spoof,297632,16000,1,9.299625,True
LJ002-0159_generated.wav,spoof,150882,16000,1,4.7136875,True
LJ002-0160_generated.wav,spoof,226672,16000,1,7.082125,True
LJ002-0161_generated.wav,spoof,208468,16000,1,6.51325,True
LJ002-0162_generated.wav,spoof,176146,16000,1,5.5031875,True
LJ002-0163_generated.wav,spoof,150510,16000,1,4.7020625,True
LJ002-0164_generated.wav,spoof,179860,16000,1,5.61925,True
LJ002-0165_generated.wav,spoof,200294,16000,1,6.2578125,True
LJ002-0166_generated.wav,spoof,136764,16000,1,4.2725,True
LJ002-0167_generated.wav,spoof,231130,16000,1,7.2214375,True
LJ002-0168_generated.wav,spoof,303204,16000,1,9.47375,True
LJ002-0169_generated.wav,spoof,245248,16000,1,7.662625,True
LJ002-0170_generated.wav,spoof,279800,16000,1,8.742375,True
LJ002-0171_generated.wav,spoof,197322,16000,1,6.1649375,True
LJ002-0172_generated.wav,spoof,166858,16000,1,5.2129375,True
LJ002-0173_generated.wav,spoof,157570,16000,1,4.9226875,True
LJ002-0174_generated.wav,spoof,163514,16000,1,5.1084375,True
LJ002-0175_generated.wav,spoof,231130,16000,1,7.2214375,True
LJ002-0176_generated.wav,spoof,237074,16000,1,7.4071875,True
LJ002-0177_generated.wav,spoof,275340,16000,1,8.603,True
LJ002-0178_generated.wav,spoof,160542,16000,1,5.0155625,True
LJ002-0179_generated.wav,spoof,170572,16000,1,5.329,True
LJ002-0180_generated.wav,spoof,139364,16000,1,4.35375,True
LJ002-0181_generated.wav,spoof,276084,16000,1,8.62625,True
LJ002-0182_generated.wav,spoof,140480,16000,1,4.388625,True
LJ002-0183_generated.wav,spoof,172802,16000,1,5.3986875,True
LJ002-0184_generated.wav,spoof,183204,16000,1,5.72375,True
LJ002-0185_generated.wav,spoof,292802,16000,1,9.1486875,True
LJ002-0186_generated.wav,spoof,268654,16000,1,8.3940625,True
LJ002-0187_generated.wav,spoof,170944,16000,1,5.340625,True
LJ002-0188_generated.wav,spoof,251192,16000,1,7.848375,True
LJ002-0189_generated.wav,spoof,265310,16000,1,8.2895625,True
LJ002-0190_generated.wav,spoof,290202,16000,1,9.0674375,True
LJ002-0192_generated.wav,spoof,261224,16000,1,8.161875,True
LJ002-0193_generated.wav,spoof,128590,16000,1,4.0170625,True
LJ002-0194_generated.wav,spoof,232244,16000,1,7.25625,True
LJ002-0195_generated.wav,spoof,247848,16000,1,7.743875,True
LJ002-0196_generated.wav,spoof,316950,16000,1,9.9033125,True
LJ002-0197_generated.wav,spoof,277570,16000,1,8.6726875,True
LJ002-0199_generated.wav,spoof,269768,16000,1,8.428875,True
LJ002-0200_generated.wav,spoof,151996,16000,1,4.7485,True
LJ002-0201_generated.wav,spoof,270512,16000,1,8.452125,True
LJ002-0203_generated.wav,spoof,187662,16000,1,5.8630625,True
LJ002-0204_generated.wav,spoof,138622,16000,1,4.3305625,True
LJ002-0205_generated.wav,spoof,198808,16000,1,6.211375,True
LJ002-0206_generated.wav,spoof,227786,16000,1,7.1169375,True
LJ002-0207_generated.wav,spoof,295032,16000,1,9.218375,True
LJ002-0209_generated.wav,spoof,317322,16000,1,9.9149375,True
LJ002-0210_generated.wav,spoof,267538,16000,1,8.3591875,True
LJ002-0211_generated.wav,spoof,286114,16000,1,8.9396875,True
LJ002-0212_generated.wav,spoof,152740,16000,1,4.77175,True
LJ002-0214_generated.wav,spoof,255278,16000,1,7.9760625,True
LJ002-0215_generated.wav,spoof,218498,16000,1,6.8266875,True
LJ002-0217_generated.wav,spoof,240046,16000,1,7.5000625,True
LJ002-0218_generated.wav,spoof,288716,16000,1,9.021,True
LJ002-0219_generated.wav,spoof,268282,16000,1,8.3824375,True
LJ002-0220_generated.wav,spoof,258622,16000,1,8.0805625,True
LJ002-0221_generated.wav,spoof,294660,16000,1,9.20675,True
LJ002-0222_generated.wav,spoof,251192,16000,1,7.848375,True
LJ002-0224_generated.wav,spoof,256394,16000,1,8.0109375,True
LJ002-0225_generated.wav,spoof,252306,16000,1,7.8831875,True
LJ002-0226_generated.wav,spoof,193978,16000,1,6.0604375,True
LJ002-0227_generated.wav,spoof,249706,16000,1,7.8019375,True
LJ002-0228_generated.wav,spoof,198436,16000,1,6.19975,True
LJ002-0229_generated.wav,spoof,264938,16000,1,8.2779375,True
LJ002-0230_generated.wav,spoof,281656,16000,1,8.800375,True
LJ002-0231_generated.wav,spoof,186548,16000,1,5.82825,True
LJ002-0232_generated.wav,spoof,175030,16000,1,5.4683125,True
LJ002-0233_generated.wav,spoof,218870,16000,1,6.8383125,True
LJ002-0235_generated.wav,spoof,286858,16000,1,8.9629375,True
LJ002-0237_generated.wav,spoof,134534,16000,1,4.2028125,True
LJ002-0238_generated.wav,spoof,185434,16000,1,5.7934375,True
LJ002-0240_generated.wav,spoof,255278,16000,1,7.9760625,True
LJ002-0241_generated.wav,spoof,201036,16000,1,6.281,True
LJ002-0242_generated.wav,spoof,200666,16000,1,6.2694375,True
LJ002-0243_generated.wav,spoof,319180,16000,1,9.973,True
LJ002-0244_generated.wav,spoof,172430,16000,1,5.3870625,True
LJ002-0245_generated.wav,spoof,154598,16000,1,4.8298125,True
LJ002-0246_generated.wav,spoof,171316,16000,1,5.35225,True
LJ002-0247_generated.wav,spoof,162398,16000,1,5.0735625,True
LJ002-0248_generated.wav,spoof,188034,16000,1,5.8746875,True
LJ002-0249_generated.wav,spoof,180232,16000,1,5.630875,True
LJ002-0251_generated.wav,spoof,299490,16000,1,9.3576875,True
LJ002-0252_generated.wav,spoof,144566,16000,1,4.5163125,True
LJ002-0253_generated.wav,spoof,195836,16000,1,6.1185,True
LJ002-0254_generated.wav,spoof,135278,16000,1,4.2260625,True
LJ002-0255_generated.wav,spoof,265682,16000,1,8.3011875,True
LJ002-0256_generated.wav,spoof,287600,16000,1,8.986125,True
LJ002-0257_generated.wav,spoof,280914,16000,1,8.7771875,True
LJ002-0258_generated.wav,spoof,261224,16000,1,8.161875,True
LJ002-0259_generated.wav,spoof,289458,16000,1,9.0441875,True
LJ002-0260_generated.wav,spoof,158684,16000,1,4.9575,True
LJ002-0261_generated.wav,spoof,141966,16000,1,4.4350625,True
LJ002-0262_generated.wav,spoof,222956,16000,1,6.966,True
LJ002-0263_generated.wav,spoof,195092,16000,1,6.09525,True
LJ002-0264_generated.wav,spoof,225186,16000,1,7.0356875,True
LJ002-0265_generated.wav,spoof,230386,16000,1,7.1981875,True
LJ002-0266_generated.wav,spoof,219242,16000,1,6.8499375,True
LJ002-0267_generated.wav,spoof,166858,16000,1,5.2129375,True
LJ002-0268_generated.wav,spoof,292060,16000,1,9.1255,True
LJ002-0269_generated.wav,spoof,205124,16000,1,6.40875,True
LJ002-0270_generated.wav,spoof,278684,16000,1,8.7075,True
LJ002-0271_generated.wav,spoof,264938,16000,1,8.2779375,True
LJ002-0272_generated.wav,spoof,141594,16000,1,4.4234375,True
LJ002-0273_generated.wav,spoof,150138,16000,1,4.6904375,True
LJ002-0274_generated.wav,spoof,205124,16000,1,6.40875,True
LJ002-0276_generated.wav,spoof,250820,16000,1,7.83675,True
LJ002-0277_generated.wav,spoof,301718,16000,1,9.4273125,True
LJ002-0278_generated.wav,spoof,211440,16000,1,6.606125,True
LJ002-0279_generated.wav,spoof,241162,16000,1,7.5349375,True
LJ002-0280_generated.wav,spoof,316208,16000,1,9.880125,True
LJ002-0282_generated.wav,spoof,146796,16000,1,4.586,True
LJ002-0283_generated.wav,spoof,233730,16000,1,7.3026875,True
LJ002-0284_generated.wav,spoof,267168,16000,1,8.347625,True
LJ002-0285_generated.wav,spoof,275712,16000,1,8.614625,True
LJ002-0286_generated.wav,spoof,171686,16000,1,5.3638125,True
LJ002-0288_generated.wav,spoof,209954,16000,1,6.5596875,True
LJ002-0289_generated.wav,spoof,204380,16000,1,6.3855,True
LJ002-0290_generated.wav,spoof,176146,16000,1,5.5031875,True
LJ002-0291_generated.wav,spoof,275712,16000,1,8.614625,True
LJ002-0292_generated.wav,spoof,322152,16000,1,10.065875,True
LJ002-0293_generated.wav,spoof,146052,16000,1,4.56275,True
LJ002-0294_generated.wav,spoof,254908,16000,1,7.9645,True
LJ002-0295_generated.wav,spoof,309520,16000,1,9.671125,True
LJ002-0296_generated.wav,spoof,288344,16000,1,9.009375,True
LJ002-0297_generated.wav,spoof,232988,16000,1,7.2795,True
LJ002-0299_generated.wav,spoof,266052,16000,1,8.31275,True
LJ002-0300_generated.wav,spoof,176888,16000,1,5.526375,True
LJ002-0301_generated.wav,spoof,300232,16000,1,9.380875,True
LJ002-0302_generated.wav,spoof,147538,16000,1,4.6091875,True
LJ002-0303_generated.wav,spoof,228158,16000,1,7.1285625,True
LJ002-0304_generated.wav,spoof,308034,16000,1,9.6246875,True
LJ002-0305_generated.wav,spoof,299118,16000,1,9.3460625,True
LJ002-0306_generated.wav,spoof,196208,16000,1,6.130125,True
LJ002-0307_generated.wav,spoof,229644,16000,1,7.175,True
LJ002-0308_generated.wav,spoof,300232,16000,1,9.380875,True
LJ002-0309_generated.wav,spoof,142336,16000,1,4.446625,True
LJ002-0310_generated.wav,spoof,211068,16000,1,6.5945,True
LJ002-0312_generated.wav,spoof,289086,16000,1,9.0325625,True
LJ002-0313_generated.wav,spoof,297260,16000,1,9.288,True
LJ002-0314_generated.wav,spoof,227786,16000,1,7.1169375,True
LJ002-0315_generated.wav,spoof,206982,16000,1,6.4668125,True
LJ002-0316_generated.wav,spoof,229644,16000,1,7.175,True
LJ002-0317_generated.wav,spoof,146796,16000,1,4.586,True
LJ002-0318_generated.wav,spoof,294660,16000,1,9.20675,True
LJ002-0319_generated.wav,spoof,209954,16000,1,6.5596875,True
LJ002-0320_generated.wav,spoof,208838,16000,1,6.5248125,True
LJ002-0321_generated.wav,spoof,322896,16000,1,10.089125,True
LJ002-0322_generated.wav,spoof,305062,16000,1,9.5318125,True
LJ002-0323_generated.wav,spoof,226672,16000,1,7.082125,True
LJ002-0324_generated.wav,spoof,193606,16000,1,6.0488125,True
LJ002-0325_generated.wav,spoof,262710,16000,1,8.2083125,True
LJ002-0326_generated.wav,spoof,226300,16000,1,7.0705,True
LJ002-0327_generated.wav,spoof,189892,16000,1,5.93275,True
LJ002-0328_generated.wav,spoof,313236,16000,1,9.78725,True
LJ002-0329_generated.wav,spoof,285000,16000,1,8.904875,True
LJ002-0330_generated.wav,spoof,208096,16000,1,6.501625,True
LJ002-0331_generated.wav,spoof,175774,16000,1,5.4915625,True
LJ002-0332_generated.wav,spoof,142336,16000,1,4.446625,True
LJ002-0333_generated.wav,spoof,249334,16000,1,7.7903125,True
LJ002-0334_generated.wav,spoof,252306,16000,1,7.8831875,True
LJ002-0335_generated.wav,spoof,320294,16000,1,10.0078125,True
LJ002-0336_generated.wav,spoof,185804,16000,1,5.805,True
LJ002-0337_generated.wav,spoof,295774,16000,1,9.2415625,True
LJ002-0338_generated.wav,spoof,247848,16000,1,7.743875,True
LJ003-0001_generated.wav,spoof,301718,16000,1,9.4273125,True
LJ003-0002_generated.wav,spoof,212182,16000,1,6.6293125,True
LJ003-0003_generated.wav,spoof,134906,16000,1,4.2144375,True
LJ003-0005_generated.wav,spoof,261966,16000,1,8.1850625,True
LJ003-0006_generated.wav,spoof,203266,16000,1,6.3506875,True
LJ003-0007_generated.wav,spoof,322896,16000,1,10.089125,True
LJ003-0008_generated.wav,spoof,321410,16000,1,10.0426875,True
LJ003-0009_generated.wav,spoof,186176,16000,1,5.816625,True
LJ003-0010_generated.wav,spoof,157198,16000,1,4.9110625,True
LJ003-0011_generated.wav,spoof,300604,16000,1,9.3925,True
LJ003-0012_generated.wav,spoof,166486,16000,1,5.2013125,True
LJ003-0013_generated.wav,spoof,256022,16000,1,7.9993125,True
LJ003-0014_generated.wav,spoof,216640,16000,1,6.768625,True
LJ003-0015_generated.wav,spoof,270882,16000,1,8.4636875,True
LJ003-0016_generated.wav,spoof,289086,16000,1,9.0325625,True
LJ003-0018_generated.wav,spoof,240418,16000,1,7.5116875,True
LJ003-0020_generated.wav,spoof,228158,16000,1,7.1285625,True
LJ003-0021_generated.wav,spoof,280914,16000,1,8.7771875,True
LJ003-0023_generated.wav,spoof,247476,16000,1,7.73225,True
LJ003-0024_generated.wav,spoof,178002,16000,1,5.5611875,True
LJ003-0025_generated.wav,spoof,243018,16000,1,7.5929375,True
LJ003-0026_generated.wav,spoof,299862,16000,1,9.3693125,True
LJ003-0027_generated.wav,spoof,213668,16000,1,6.67575,True
LJ003-0029_generated.wav,spoof,237074,16000,1,7.4071875,True
LJ003-0030_generated.wav,spoof,176146,16000,1,5.5031875,True
LJ003-0031_generated.wav,spoof,282400,16000,1,8.823625,True
LJ003-0032_generated.wav,spoof,205124,16000,1,6.40875,True
LJ003-0033_generated.wav,spoof,275340,16000,1,8.603,True
LJ003-0035_generated.wav,spoof,240790,16000,1,7.5233125,True
LJ003-0036_generated.wav,spoof,208468,16000,1,6.51325,True
LJ003-0037_generated.wav,spoof,192864,16000,1,6.025625,True
LJ003-0038_generated.wav,spoof,165372,16000,1,5.1665,True
LJ003-0039_generated.wav,spoof,163514,16000,1,5.1084375,True
LJ003-0040_generated.wav,spoof,292430,16000,1,9.1370625,True
LJ003-0041_generated.wav,spoof,178746,16000,1,5.5844375,True
LJ003-0042_generated.wav,spoof,185062,16000,1,5.7818125,True
LJ003-0043_generated.wav,spoof,150138,16000,1,4.6904375,True
LJ003-0045_generated.wav,spoof,270512,16000,1,8.452125,True
LJ003-0046_generated.wav,spoof,224814,16000,1,7.0240625,True
LJ003-0047_generated.wav,spoof,163884,16000,1,5.12,True
LJ003-0048_generated.wav,spoof,268654,16000,1,8.3940625,True
LJ003-0049_generated.wav,spoof,201408,16000,1,6.292625,True
LJ003-0051_generated.wav,spoof,249706,16000,1,7.8019375,True
LJ003-0052_generated.wav,spoof,289830,16000,1,9.0558125,True
LJ003-0053_generated.wav,spoof,269768,16000,1,8.428875,True
LJ003-0054_generated.wav,spoof,285744,16000,1,8.928125,True
LJ003-0055_generated.wav,spoof,284628,16000,1,8.89325,True
LJ003-0056_generated.wav,spoof,284258,16000,1,8.8816875,True
LJ003-0057_generated.wav,spoof,276826,16000,1,8.6494375,True
LJ003-0059_generated.wav,spoof,233360,16000,1,7.291125,True
LJ003-0060_generated.wav,spoof,269024,16000,1,8.405625,True
LJ003-0062_generated.wav,spoof,258622,16000,1,8.0805625,True
LJ003-0063_generated.wav,spoof,200666,16000,1,6.2694375,True
LJ003-0064_generated.wav,spoof,185804,16000,1,5.805,True
LJ003-0065_generated.wav,spoof,168344,16000,1,5.259375,True
LJ003-0066_generated.wav,spoof,172058,16000,1,5.3754375,True
LJ003-0068_generated.wav,spoof,295774,16000,1,9.2415625,True
LJ003-0069_generated.wav,spoof,318808,16000,1,9.961375,True
LJ003-0070_generated.wav,spoof,203638,16000,1,6.3623125,True
LJ003-0071_generated.wav,spoof,160170,16000,1,5.0039375,True
LJ003-0072_generated.wav,spoof,307662,16000,1,9.6130625,True
LJ003-0073_generated.wav,spoof,196950,16000,1,6.1533125,True
LJ003-0074_generated.wav,spoof,299118,16000,1,9.3460625,True
LJ003-0075_generated.wav,spoof,245620,16000,1,7.67425,True
LJ003-0076_generated.wav,spoof,303948,16000,1,9.497,True
LJ003-0077_generated.wav,spoof,186920,16000,1,5.839875,True
LJ003-0078_generated.wav,spoof,249706,16000,1,7.8019375,True
LJ003-0079_generated.wav,spoof,234102,16000,1,7.3143125,True
LJ003-0080_generated.wav,spoof,220356,16000,1,6.88475,True
LJ003-0081_generated.wav,spoof,218870,16000,1,6.8383125,True
LJ003-0082_generated.wav,spoof,316208,16000,1,9.880125,True
LJ003-0083_generated.wav,spoof,207724,16000,1,6.49,True
LJ003-0084_generated.wav,spoof,244504,16000,1,7.639375,True
LJ003-0085_generated.wav,spoof,313236,16000,1,9.78725,True
LJ003-0086_generated.wav,spoof,130076,16000,1,4.0635,True
LJ003-0087_generated.wav,spoof,193236,16000,1,6.03725,True
LJ003-0088_generated.wav,spoof,316950,16000,1,9.9033125,True
LJ003-0089_generated.wav,spoof,188034,16000,1,5.8746875,True
LJ003-0090_generated.wav,spoof,217012,16000,1,6.78025,True
LJ003-0091_generated.wav,spoof,225558,16000,1,7.0473125,True
LJ003-0092_generated.wav,spoof,200666,16000,1,6.2694375,True
LJ003-0093_generated.wav,spoof,215898,16000,1,6.7454375,True
LJ003-0094_generated.wav,spoof,272740,16000,1,8.52175,True
LJ003-0095_generated.wav,spoof,309892,16000,1,9.68275,True
LJ003-0096_generated.wav,spoof,267168,16000,1,8.347625,True
LJ003-0097_generated.wav,spoof,274970,16000,1,8.5914375,True
LJ003-0098_generated.wav,spoof,184318,16000,1,5.7585625,True
LJ003-0099_generated.wav,spoof,186176,16000,1,5.816625,True
LJ003-0100_generated.wav,spoof,263824,16000,1,8.243125,True
LJ003-0101_generated.wav,spoof,278312,16000,1,8.695875,True
LJ003-0102_generated.wav,spoof,282400,16000,1,8.823625,True
LJ003-0103_generated.wav,spoof,252678,16000,1,7.8948125,True
LJ003-0105_generated.wav,spoof,248220,16000,1,7.7555,True
LJ003-0107_generated.wav,spoof,210696,16000,1,6.582875,True
LJ003-0108_generated.wav,spoof,151254,16000,1,4.7253125,True
LJ003-0109_generated.wav,spoof,189520,16000,1,5.921125,True
LJ003-0110_generated.wav,spoof,149396,16000,1,4.66725,True
LJ003-0111_generated.wav,spoof,279428,16000,1,8.73075,True
LJ003-0112_generated.wav,spoof,244504,16000,1,7.639375,True
LJ003-0114_generated.wav,spoof,225186,16000,1,7.0356875,True
LJ003-0115_generated.wav,spoof,180232,16000,1,5.630875,True
LJ003-0116_generated.wav,spoof,295402,16000,1,9.2299375,True
LJ003-0117_generated.wav,spoof,283514,16000,1,8.8584375,True
LJ003-0118_generated.wav,spoof,167228,16000,1,5.2245,True
LJ003-0119_generated.wav,spoof,292430,16000,1,9.1370625,True
LJ003-0121_generated.wav,spoof,212926,16000,1,6.6525625,True
LJ003-0122_generated.wav,spoof,167972,16000,1,5.24775,True
LJ003-0123_generated.wav,spoof,136022,16000,1,4.2493125,True
LJ003-0124_generated.wav,spoof,315836,16000,1,9.8685,True
LJ003-0125_generated.wav,spoof,269396,16000,1,8.41725,True
LJ003-0126_generated.wav,spoof,185062,16000,1,5.7818125,True
LJ003-0127_generated.wav,spoof,199550,16000,1,6.2345625,True
LJ003-0128_generated.wav,spoof,298374,16000,1,9.3228125,True
LJ003-0130_generated.wav,spoof,231130,16000,1,7.2214375,True
LJ003-0131_generated.wav,spoof,159056,16000,1,4.969125,True
LJ003-0132_generated.wav,spoof,297632,16000,1,9.299625,True
LJ003-0133_generated.wav,spoof,281286,16000,1,8.7888125,True
LJ003-0135_generated.wav,spoof,128962,16000,1,4.0286875,True
LJ003-0136_generated.wav,spoof,297632,16000,1,9.299625,True
LJ003-0138_generated.wav,spoof,145310,16000,1,4.5395625,True
LJ003-0139_generated.wav,spoof,174288,16000,1,5.445125,True
LJ003-0140_generated.wav,spoof,138622,16000,1,4.3305625,True
LJ003-0141_generated.wav,spoof,209582,16000,1,6.5480625,True
LJ003-0143_generated.wav,spoof,242276,16000,1,7.56975,True
LJ003-0144_generated.wav,spoof,253050,16000,1,7.9064375,True
LJ003-0145_generated.wav,spoof,279056,16000,1,8.719125,True
LJ003-0146_generated.wav,spoof,257508,16000,1,8.04575,True
LJ003-0147_generated.wav,spoof,175402,16000,1,5.4799375,True
LJ003-0148_generated.wav,spoof,284628,16000,1,8.89325,True
LJ003-0149_generated.wav,spoof,143080,16000,1,4.469875,True
LJ003-0150_generated.wav,spoof,241904,16000,1,7.558125,True
LJ003-0151_generated.wav,spoof,240418,16000,1,7.5116875,True
LJ003-0152_generated.wav,spoof,223700,16000,1,6.98925,True
LJ003-0153_generated.wav,spoof,128220,16000,1,4.0055,True
LJ003-0154_generated.wav,spoof,177260,16000,1,5.538,True
LJ003-0155_generated.wav,spoof,248220,16000,1,7.7555,True
LJ003-0156_generated.wav,spoof,280914,16000,1,8.7771875,True
LJ003-0157_generated.wav,spoof,164256,16000,1,5.131625,True
LJ003-0158_generated.wav,spoof,230386,16000,1,7.1981875,True
LJ003-0159_generated.wav,spoof,291688,16000,1,9.113875,True
LJ003-0160_generated.wav,spoof,223328,16000,1,6.977625,True
LJ003-0161_generated.wav,spoof,150882,16000,1,4.7136875,True
LJ003-0162_generated.wav,spoof,217384,16000,1,6.791875,True
LJ003-0163_generated.wav,spoof,314722,16000,1,9.8336875,True
LJ003-0165_generated.wav,spoof,182832,16000,1,5.712125,True
LJ003-0166_generated.wav,spoof,212554,16000,1,6.6409375,True
LJ003-0167_generated.wav,spoof,302462,16000,1,9.4505625,True
LJ003-0168_generated.wav,spoof,304690,16000,1,9.5201875,True
LJ003-0169_generated.wav,spoof,299862,16000,1,9.3693125,True
LJ003-0170_generated.wav,spoof,249706,16000,1,7.8019375,True
LJ003-0171_generated.wav,spoof,215898,16000,1,6.7454375,True
LJ003-0173_generated.wav,spoof,309520,16000,1,9.671125,True
LJ003-0174_generated.wav,spoof,208838,16000,1,6.5248125,True
LJ003-0175_generated.wav,spoof,222214,16000,1,6.9428125,True
LJ003-0176_generated.wav,spoof,201408,16000,1,6.292625,True
LJ003-0177_generated.wav,spoof,207724,16000,1,6.49,True
LJ003-0178_generated.wav,spoof,148282,16000,1,4.6324375,True
LJ003-0179_generated.wav,spoof,213298,16000,1,6.6641875,True
LJ003-0180_generated.wav,spoof,261224,16000,1,8.161875,True
LJ003-0181_generated.wav,spoof,305806,16000,1,9.5550625,True
LJ003-0182_generated.wav,spoof,144938,16000,1,4.5279375,True
LJ003-0183_generated.wav,spoof,238560,16000,1,7.453625,True
LJ003-0184_generated.wav,spoof,191378,16000,1,5.9791875,True
LJ003-0185_generated.wav,spoof,271998,16000,1,8.4985625,True
LJ003-0186_generated.wav,spoof,300232,16000,1,9.380875,True
LJ003-0187_generated.wav,spoof,214040,16000,1,6.687375,True
LJ003-0188_generated.wav,spoof,143080,16000,1,4.469875,True
LJ003-0189_generated.wav,spoof,318808,16000,1,9.961375,True
LJ003-0190_generated.wav,spoof,169086,16000,1,5.2825625,True
LJ003-0191_generated.wav,spoof,172430,16000,1,5.3870625,True
LJ003-0192_generated.wav,spoof,157198,16000,1,4.9110625,True
LJ003-0193_generated.wav,spoof,280542,16000,1,8.7655625,True
LJ003-0194_generated.wav,spoof,190262,16000,1,5.9443125,True
LJ003-0195_generated.wav,spoof,226672,16000,1,7.082125,True
LJ003-0196_generated.wav,spoof,225186,16000,1,7.0356875,True
LJ003-0198_generated.wav,spoof,200294,16000,1,6.2578125,True
LJ003-0199_generated.wav,spoof,267538,16000,1,8.3591875,True
LJ003-0201_generated.wav,spoof,207352,16000,1,6.478375,True
LJ003-0202_generated.wav,spoof,269396,16000,1,8.41725,True
LJ003-0203_generated.wav,spoof,159798,16000,1,4.9923125,True
LJ003-0204_generated.wav,spoof,304320,16000,1,9.508625,True
LJ003-0205_generated.wav,spoof,180232,16000,1,5.630875,True
LJ003-0206_generated.wav,spoof,234846,16000,1,7.3375625,True
LJ003-0207_generated.wav,spoof,210324,16000,1,6.57125,True
LJ003-0208_generated.wav,spoof,187290,16000,1,5.8514375,True
LJ003-0209_generated.wav,spoof,185804,16000,1,5.805,True
LJ003-0210_generated.wav,spoof,293546,16000,1,9.1719375,True
LJ003-0211_generated.wav,spoof,248962,16000,1,7.7786875,True
LJ003-0212_generated.wav,spoof,256764,16000,1,8.0225,True
LJ003-0213_generated.wav,spoof,152368,16000,1,4.760125,True
LJ003-0214_generated.wav,spoof,230386,16000,1,7.1981875,True
LJ003-0215_generated.wav,spoof,293916,16000,1,9.1835,True
LJ003-0216_generated.wav,spoof,184690,16000,1,5.7701875,True
LJ003-0217_generated.wav,spoof,322524,16000,1,10.0775,True
LJ003-0218_generated.wav,spoof,277198,16000,1,8.6610625,True
LJ003-0219_generated.wav,spoof,287600,16000,1,8.986125,True
LJ003-0221_generated.wav,spoof,315464,16000,1,9.856875,True
LJ003-0222_generated.wav,spoof,201036,16000,1,6.281,True
LJ003-0223_generated.wav,spoof,220728,16000,1,6.896375,True
LJ003-0224_generated.wav,spoof,230386,16000,1,7.1981875,True
LJ003-0226_generated.wav,spoof,256764,16000,1,8.0225,True
LJ003-0227_generated.wav,spoof,257508,16000,1,8.04575,True
LJ003-0229_generated.wav,spoof,289830,16000,1,9.0558125,True
LJ003-0230_generated.wav,spoof,245248,16000,1,7.662625,True
LJ003-0231_generated.wav,spoof,184690,16000,1,5.7701875,True
LJ003-0232_generated.wav,spoof,144938,16000,1,4.5279375,True
LJ003-0233_generated.wav,spoof,320294,16000,1,10.0078125,True
LJ003-0234_generated.wav,spoof,272368,16000,1,8.510125,True
LJ003-0235_generated.wav,spoof,264566,16000,1,8.2663125,True
LJ003-0236_generated.wav,spoof,207724,16000,1,6.49,True
LJ003-0237_generated.wav,spoof,300604,16000,1,9.3925,True
LJ003-0238_generated.wav,spoof,187662,16000,1,5.8630625,True
LJ003-0239_generated.wav,spoof,309520,16000,1,9.671125,True
LJ003-0240_generated.wav,spoof,180604,16000,1,5.6425,True
LJ003-0242_generated.wav,spoof,201408,16000,1,6.292625,True
LJ003-0243_generated.wav,spoof,273112,16000,1,8.533375,True
LJ003-0244_generated.wav,spoof,272368,16000,1,8.510125,True
LJ003-0245_generated.wav,spoof,241904,16000,1,7.558125,True
LJ003-0246_generated.wav,spoof,232988,16000,1,7.2795,True
LJ003-0247_generated.wav,spoof,182460,16000,1,5.7005,True
LJ003-0248_generated.wav,spoof,208468,16000,1,6.51325,True
LJ003-0249_generated.wav,spoof,167972,16000,1,5.24775,True
LJ003-0250_generated.wav,spoof,268654,16000,1,8.3940625,True
LJ003-0251_generated.wav,spoof,243762,16000,1,7.6161875,True
LJ003-0252_generated.wav,spoof,136022,16000,1,4.2493125,True
LJ003-0253_generated.wav,spoof,245248,16000,1,7.662625,True
LJ003-0254_generated.wav,spoof,208096,16000,1,6.501625,True
LJ003-0255_generated.wav,spoof,239304,16000,1,7.476875,True
LJ003-0256_generated.wav,spoof,237074,16000,1,7.4071875,True
LJ003-0257_generated.wav,spoof,241532,16000,1,7.5465,True
LJ003-0258_generated.wav,spoof,236332,16000,1,7.384,True
LJ003-0260_generated.wav,spoof,212182,16000,1,6.6293125,True
LJ003-0261_generated.wav,spoof,195464,16000,1,6.106875,True
LJ003-0262_generated.wav,spoof,315094,16000,1,9.8453125,True
LJ003-0263_generated.wav,spoof,291688,16000,1,9.113875,True
LJ003-0264_generated.wav,spoof,144938,16000,1,4.5279375,True
LJ003-0265_generated.wav,spoof,245990,16000,1,7.6858125,True
LJ003-0266_generated.wav,spoof,156084,16000,1,4.87625,True
LJ003-0267_generated.wav,spoof,269396,16000,1,8.41725,True
LJ003-0268_generated.wav,spoof,218870,16000,1,6.8383125,True
LJ003-0269_generated.wav,spoof,269024,16000,1,8.405625,True
LJ003-0270_generated.wav,spoof,240046,16000,1,7.5000625,True
LJ003-0273_generated.wav,spoof,135278,16000,1,4.2260625,True
LJ003-0274_generated.wav,spoof,279056,16000,1,8.719125,True
LJ003-0275_generated.wav,spoof,218870,16000,1,6.8383125,True
LJ003-0276_generated.wav,spoof,208096,16000,1,6.501625,True
LJ003-0277_generated.wav,spoof,292060,16000,1,9.1255,True
LJ003-0278_generated.wav,spoof,232244,16000,1,7.25625,True
LJ003-0280_generated.wav,spoof,228900,16000,1,7.15175,True
LJ003-0282_generated.wav,spoof,208096,16000,1,6.501625,True
LJ003-0283_generated.wav,spoof,283142,16000,1,8.8468125,True
LJ003-0285_generated.wav,spoof,227414,16000,1,7.1053125,True
LJ003-0286_generated.wav,spoof,308034,16000,1,9.6246875,True
LJ003-0288_generated.wav,spoof,141594,16000,1,4.4234375,True
LJ003-0290_generated.wav,spoof,302090,16000,1,9.4389375,True
LJ003-0291_generated.wav,spoof,322524,16000,1,10.0775,True
LJ003-0292_generated.wav,spoof,237446,16000,1,7.4188125,True
LJ003-0293_generated.wav,spoof,277198,16000,1,8.6610625,True
LJ003-0294_generated.wav,spoof,282028,16000,1,8.812,True
LJ003-0295_generated.wav,spoof,186920,16000,1,5.839875,True
LJ003-0296_generated.wav,spoof,167972,16000,1,5.24775,True
LJ003-0298_generated.wav,spoof,276456,16000,1,8.637875,True
LJ003-0299_generated.wav,spoof,199550,16000,1,6.2345625,True
LJ003-0300_generated.wav,spoof,202524,16000,1,6.3275,True
LJ003-0301_generated.wav,spoof,315094,16000,1,9.8453125,True
LJ003-0302_generated.wav,spoof,230016,16000,1,7.186625,True
LJ003-0303_generated.wav,spoof,219242,16000,1,6.8499375,True
LJ003-0304_generated.wav,spoof,188034,16000,1,5.8746875,True
LJ003-0305_generated.wav,spoof,171686,16000,1,5.3638125,True
LJ003-0306_generated.wav,spoof,204752,16000,1,6.397125,True
LJ003-0307_generated.wav,spoof,141594,16000,1,4.4234375,True
LJ003-0308_generated.wav,spoof,258622,16000,1,8.0805625,True
LJ003-0309_generated.wav,spoof,146424,16000,1,4.574375,True
LJ003-0310_generated.wav,spoof,205496,16000,1,6.420375,True
LJ003-0311_generated.wav,spoof,163142,16000,1,5.0968125,True
LJ003-0312_generated.wav,spoof,297632,16000,1,9.299625,True
LJ003-0313_generated.wav,spoof,279800,16000,1,8.742375,True
LJ003-0314_generated.wav,spoof,239674,16000,1,7.4884375,True
LJ003-0315_generated.wav,spoof,294660,16000,1,9.20675,True
LJ003-0316_generated.wav,spoof,319552,16000,1,9.984625,True
LJ003-0317_generated.wav,spoof,317694,16000,1,9.9265625,True
LJ003-0318_generated.wav,spoof,170200,16000,1,5.317375,True
LJ003-0319_generated.wav,spoof,221098,16000,1,6.9079375,True
LJ003-0321_generated.wav,spoof,176146,16000,1,5.5031875,True
LJ003-0322_generated.wav,spoof,170944,16000,1,5.340625,True
LJ003-0323_generated.wav,spoof,151996,16000,1,4.7485,True
LJ003-0324_generated.wav,spoof,182460,16000,1,5.7005,True
LJ003-0325_generated.wav,spoof,263452,16000,1,8.2315,True
LJ003-0326_generated.wav,spoof,174288,16000,1,5.445125,True
LJ003-0327_generated.wav,spoof,147538,16000,1,4.6091875,True
LJ003-0328_generated.wav,spoof,214040,16000,1,6.687375,True
LJ003-0329_generated.wav,spoof,244504,16000,1,7.639375,True
LJ003-0330_generated.wav,spoof,241904,16000,1,7.558125,True
LJ003-0331_generated.wav,spoof,322524,16000,1,10.0775,True
LJ003-0332_generated.wav,spoof,194350,16000,1,6.0720625,True
LJ003-0333_generated.wav,spoof,302462,16000,1,9.4505625,True
LJ003-0334_generated.wav,spoof,172802,16000,1,5.3986875,True
LJ003-0335_generated.wav,spoof,210696,16000,1,6.582875,True
LJ003-0336_generated.wav,spoof,267910,16000,1,8.3708125,True
LJ003-0337_generated.wav,spoof,319180,16000,1,9.973,True
LJ003-0338_generated.wav,spoof,297632,16000,1,9.299625,True
LJ003-0340_generated.wav,spoof,198808,16000,1,6.211375,True
LJ003-0341_generated.wav,spoof,250078,16000,1,7.8135625,True
LJ003-0342_generated.wav,spoof,203638,16000,1,6.3623125,True
LJ003-0343_generated.wav,spoof,172430,16000,1,5.3870625,True
LJ003-0344_generated.wav,spoof,230758,16000,1,7.2098125,True
LJ003-0345_generated.wav,spoof,176888,16000,1,5.526375,True
LJ003-0346_generated.wav,spoof,211810,16000,1,6.6176875,True
LJ003-0347_generated.wav,spoof,196208,16000,1,6.130125,True
LJ003-0348_generated.wav,spoof,158684,16000,1,4.9575,True
LJ003-0349_generated.wav,spoof,214412,16000,1,6.699,True
LJ004-0001_generated.wav,spoof,239304,16000,1,7.476875,True
LJ004-0002_generated.wav,spoof,167600,16000,1,5.236125,True
LJ004-0003_generated.wav,spoof,236332,16000,1,7.384,True
LJ004-0004_generated.wav,spoof,211440,16000,1,6.606125,True
LJ004-0005_generated.wav,spoof,318066,16000,1,9.9381875,True
LJ004-0006_generated.wav,spoof,310636,16000,1,9.706,True
LJ004-0007_generated.wav,spoof,246362,16000,1,7.6974375,True
LJ004-0009_generated.wav,spoof,270140,16000,1,8.4405,True
LJ004-0010_generated.wav,spoof,143822,16000,1,4.4930625,True
LJ004-0011_generated.wav,spoof,227414,16000,1,7.1053125,True
LJ004-0013_generated.wav,spoof,314350,16000,1,9.8220625,True
LJ004-0014_generated.wav,spoof,316950,16000,1,9.9033125,True
LJ004-0015_generated.wav,spoof,208838,16000,1,6.5248125,True
LJ004-0016_generated.wav,spoof,277198,16000,1,8.6610625,True
LJ004-0017_generated.wav,spoof,164256,16000,1,5.131625,True
LJ004-0018_generated.wav,spoof,267168,16000,1,8.347625,True
LJ004-0019_generated.wav,spoof,298004,16000,1,9.31125,True
LJ004-0020_generated.wav,spoof,206610,16000,1,6.4551875,True
LJ004-0021_generated.wav,spoof,157940,16000,1,4.93425,True
LJ004-0022_generated.wav,spoof,305434,16000,1,9.5434375,True
LJ004-0023_generated.wav,spoof,213668,16000,1,6.67575,True
LJ004-0024_generated.wav,spoof,166486,16000,1,5.2013125,True
LJ004-0025_generated.wav,spoof,195464,16000,1,6.106875,True
LJ004-0026_generated.wav,spoof,260480,16000,1,8.138625,True
LJ004-0028_generated.wav,spoof,165000,16000,1,5.154875,True
LJ004-0029_generated.wav,spoof,208096,16000,1,6.501625,True
LJ004-0030_generated.wav,spoof,243762,16000,1,7.6161875,True
LJ004-0031_generated.wav,spoof,197322,16000,1,6.1649375,True
LJ004-0032_generated.wav,spoof,206982,16000,1,6.4668125,True
LJ004-0033_generated.wav,spoof,176888,16000,1,5.526375,True
LJ004-0034_generated.wav,spoof,156084,16000,1,4.87625,True
LJ004-0035_generated.wav,spoof,186176,16000,1,5.816625,True
LJ004-0036_generated.wav,spoof,283514,16000,1,8.8584375,True
LJ004-0037_generated.wav,spoof,292430,16000,1,9.1370625,True
LJ004-0038_generated.wav,spoof,308034,16000,1,9.6246875,True
LJ004-0039_generated.wav,spoof,138622,16000,1,4.3305625,True
LJ004-0041_generated.wav,spoof,293546,16000,1,9.1719375,True
LJ004-0043_generated.wav,spoof,214040,16000,1,6.687375,True
LJ004-0044_generated.wav,spoof,196578,16000,1,6.1416875,True
LJ004-0045_generated.wav,spoof,243390,16000,1,7.6045625,True
LJ004-0046_generated.wav,spoof,279800,16000,1,8.742375,True
LJ004-0047_generated.wav,spoof,310636,16000,1,9.706,True
LJ004-0048_generated.wav,spoof,289830,16000,1,9.0558125,True
LJ004-0049_generated.wav,spoof,310264,16000,1,9.694375,True
LJ004-0050_generated.wav,spoof,311750,16000,1,9.7408125,True
LJ004-0051_generated.wav,spoof,256022,16000,1,7.9993125,True
LJ004-0055_generated.wav,spoof,262338,16000,1,8.1966875,True
LJ004-0056_generated.wav,spoof,201408,16000,1,6.292625,True
LJ004-0057_generated.wav,spoof,163514,16000,1,5.1084375,True
LJ004-0058_generated.wav,spoof,306920,16000,1,9.589875,True
LJ004-0059_generated.wav,spoof,237446,16000,1,7.4188125,True
LJ004-0060_generated.wav,spoof,203638,16000,1,6.3623125,True
LJ004-0062_generated.wav,spoof,301718,16000,1,9.4273125,True
LJ004-0063_generated.wav,spoof,162770,16000,1,5.0851875,True
LJ004-0064_generated.wav,spoof,209954,16000,1,6.5596875,True
LJ004-0065_generated.wav,spoof,195836,16000,1,6.1185,True
LJ004-0066_generated.wav,spoof,314722,16000,1,9.8336875,True
LJ004-0067_generated.wav,spoof,183204,16000,1,5.72375,True
LJ004-0068_generated.wav,spoof,128962,16000,1,4.0286875,True
LJ004-0069_generated.wav,spoof,274226,16000,1,8.5681875,True
LJ004-0070_generated.wav,spoof,265682,16000,1,8.3011875,True
LJ004-0071_generated.wav,spoof,282400,16000,1,8.823625,True
LJ004-0072_generated.wav,spoof,220356,16000,1,6.88475,True
LJ004-0073_generated.wav,spoof,194350,16000,1,6.0720625,True
LJ004-0074_generated.wav,spoof,232616,16000,1,7.267875,True
LJ004-0075_generated.wav,spoof,172430,16000,1,5.3870625,True
LJ004-0076_generated.wav,spoof,306176,16000,1,9.566625,True
LJ004-0077_generated.wav,spoof,129334,16000,1,4.0403125,True
LJ004-0078_generated.wav,spoof,144566,16000,1,4.5163125,True
LJ004-0079_generated.wav,spoof,170572,16000,1,5.329,True
LJ004-0080_generated.wav,spoof,202524,16000,1,6.3275,True
LJ004-0082_generated.wav,spoof,289830,16000,1,9.0558125,True
LJ004-0083_generated.wav,spoof,234846,16000,1,7.3375625,True
LJ004-0084_generated.wav,spoof,230386,16000,1,7.1981875,True
LJ004-0085_generated.wav,spoof,264196,16000,1,8.25475,True
LJ004-0086_generated.wav,spoof,273112,16000,1,8.533375,True
LJ004-0087_generated.wav,spoof,250078,16000,1,7.8135625,True
LJ004-0088_generated.wav,spoof,213668,16000,1,6.67575,True
LJ004-0089_generated.wav,spoof,143822,16000,1,4.4930625,True
LJ004-0090_generated.wav,spoof,291316,16000,1,9.10225,True
LJ004-0091_generated.wav,spoof,198436,16000,1,6.19975,True
LJ004-0092_generated.wav,spoof,235216,16000,1,7.349125,True
LJ004-0093_generated.wav,spoof,303948,16000,1,9.497,True
LJ004-0094_generated.wav,spoof,206238,16000,1,6.4435625,True
LJ004-0095_generated.wav,spoof,148652,16000,1,4.644,True
LJ004-0096_generated.wav,spoof,189892,16000,1,5.93275,True
LJ004-0097_generated.wav,spoof,168714,16000,1,5.2709375,True
LJ004-0098_generated.wav,spoof,216270,16000,1,6.7570625,True
LJ004-0100_generated.wav,spoof,284258,16000,1,8.8816875,True
LJ004-0101_generated.wav,spoof,128962,16000,1,4.0286875,True
LJ004-0102_generated.wav,spoof,282028,16000,1,8.812,True
LJ004-0103_generated.wav,spoof,231874,16000,1,7.2446875,True
LJ004-0104_generated.wav,spoof,155340,16000,1,4.853,True
LJ004-0105_generated.wav,spoof,237074,16000,1,7.4071875,True
LJ004-0106_generated.wav,spoof,260108,16000,1,8.127,True
LJ004-0107_generated.wav,spoof,320294,16000,1,10.0078125,True
LJ004-0108_generated.wav,spoof,247476,16000,1,7.73225,True
LJ004-0110_generated.wav,spoof,270882,16000,1,8.4636875,True
LJ004-0111_generated.wav,spoof,243390,16000,1,7.6045625,True
LJ004-0112_generated.wav,spoof,302090,16000,1,9.4389375,True
LJ004-0113_generated.wav,spoof,163884,16000,1,5.12,True
LJ004-0115_generated.wav,spoof,232988,16000,1,7.2795,True
LJ004-0116_generated.wav,spoof,175774,16000,1,5.4915625,True
LJ004-0118_generated.wav,spoof,264196,16000,1,8.25475,True
LJ004-0119_generated.wav,spoof,147538,16000,1,4.6091875,True
LJ004-0120_generated.wav,spoof,177260,16000,1,5.538,True
LJ004-0121_generated.wav,spoof,280542,16000,1,8.7655625,True
LJ004-0122_generated.wav,spoof,286858,16000,1,8.9629375,True
LJ004-0124_generated.wav,spoof,229644,16000,1,7.175,True
LJ004-0125_generated.wav,spoof,140480,16000,1,4.388625,True
LJ004-0128_generated.wav,spoof,309150,16000,1,9.6595625,True
LJ004-0130_generated.wav,spoof,305062,16000,1,9.5318125,True
LJ004-0131_generated.wav,spoof,206238,16000,1,6.4435625,True
LJ004-0132_generated.wav,spoof,143452,16000,1,4.4815,True
LJ004-0133_generated.wav,spoof,219242,16000,1,6.8499375,True
LJ004-0134_generated.wav,spoof,219984,16000,1,6.873125,True
LJ004-0135_generated.wav,spoof,260480,16000,1,8.138625,True
LJ004-0136_generated.wav,spoof,225558,16000,1,7.0473125,True
LJ004-0138_generated.wav,spoof,218870,16000,1,6.8383125,True
LJ004-0139_generated.wav,spoof,259366,16000,1,8.1038125,True
LJ004-0140_generated.wav,spoof,217384,16000,1,6.791875,True
LJ004-0141_generated.wav,spoof,231502,16000,1,7.2330625,True
LJ004-0142_generated.wav,spoof,277942,16000,1,8.6843125,True
LJ004-0144_generated.wav,spoof,264566,16000,1,8.2663125,True
LJ004-0145_generated.wav,spoof,148652,16000,1,4.644,True
LJ004-0146_generated.wav,spoof,170572,16000,1,5.329,True
LJ004-0147_generated.wav,spoof,263824,16000,1,8.243125,True
LJ004-0148_generated.wav,spoof,202152,16000,1,6.315875,True
LJ004-0149_generated.wav,spoof,206982,16000,1,6.4668125,True
LJ004-0152_generated.wav,spoof,316208,16000,1,9.880125,True
LJ004-0153_generated.wav,spoof,244504,16000,1,7.639375,True
LJ004-0154_generated.wav,spoof,162398,16000,1,5.0735625,True
LJ004-0155_generated.wav,spoof,315464,16000,1,9.856875,True
LJ004-0157_generated.wav,spoof,145680,16000,1,4.551125,True
LJ004-0158_generated.wav,spoof,215526,16000,1,6.7338125,True
LJ004-0159_generated.wav,spoof,257880,16000,1,8.057375,True
LJ004-0161_generated.wav,spoof,232616,16000,1,7.267875,True
LJ004-0162_generated.wav,spoof,253050,16000,1,7.9064375,True
LJ004-0163_generated.wav,spoof,212926,16000,1,6.6525625,True
LJ004-0164_generated.wav,spoof,254536,16000,1,7.952875,True
LJ004-0165_generated.wav,spoof,190262,16000,1,5.9443125,True
LJ004-0166_generated.wav,spoof,270512,16000,1,8.452125,True
LJ004-0168_generated.wav,spoof,200294,16000,1,6.2578125,True
LJ004-0169_generated.wav,spoof,176888,16000,1,5.526375,True
LJ004-0170_generated.wav,spoof,286858,16000,1,8.9629375,True
LJ004-0171_generated.wav,spoof,270140,16000,1,8.4405,True
LJ004-0172_generated.wav,spoof,148282,16000,1,4.6324375,True
LJ004-0173_generated.wav,spoof,250078,16000,1,7.8135625,True
LJ004-0174_generated.wav,spoof,224442,16000,1,7.0124375,True
LJ004-0176_generated.wav,spoof,165000,16000,1,5.154875,True
LJ004-0177_generated.wav,spoof,241532,16000,1,7.5465,True
LJ004-0178_generated.wav,spoof,133792,16000,1,4.179625,True
LJ004-0180_generated.wav,spoof,192492,16000,1,6.014,True
LJ004-0181_generated.wav,spoof,199922,16000,1,6.2461875,True
LJ004-0182_generated.wav,spoof,192120,16000,1,6.002375,True
LJ004-0183_generated.wav,spoof,240790,16000,1,7.5233125,True
LJ004-0184_generated.wav,spoof,284258,16000,1,8.8816875,True
LJ004-0185_generated.wav,spoof,248592,16000,1,7.767125,True
LJ004-0186_generated.wav,spoof,179118,16000,1,5.5960625,True
LJ004-0187_generated.wav,spoof,303948,16000,1,9.497,True
LJ004-0188_generated.wav,spoof,129706,16000,1,4.0519375,True
LJ004-0189_generated.wav,spoof,171686,16000,1,5.3638125,True
LJ004-0190_generated.wav,spoof,254908,16000,1,7.9645,True
LJ004-0193_generated.wav,spoof,256394,16000,1,8.0109375,True
LJ004-0195_generated.wav,spoof,185804,16000,1,5.805,True
LJ004-0197_generated.wav,spoof,250820,16000,1,7.83675,True
LJ004-0198_generated.wav,spoof,263824,16000,1,8.243125,True
LJ004-0199_generated.wav,spoof,165000,16000,1,5.154875,True
LJ004-0200_generated.wav,spoof,281656,16000,1,8.800375,True
LJ004-0202_generated.wav,spoof,217384,16000,1,6.791875,True
LJ004-0203_generated.wav,spoof,142708,16000,1,4.45825,True
LJ004-0204_generated.wav,spoof,285000,16000,1,8.904875,True
LJ004-0205_generated.wav,spoof,135650,16000,1,4.2376875,True
LJ004-0207_generated.wav,spoof,141594,16000,1,4.4234375,True
LJ004-0208_generated.wav,spoof,148282,16000,1,4.6324375,True
LJ004-0209_generated.wav,spoof,289086,16000,1,9.0325625,True
LJ004-0210_generated.wav,spoof,182090,16000,1,5.6889375,True
LJ004-0211_generated.wav,spoof,134534,16000,1,4.2028125,True
LJ004-0212_generated.wav,spoof,173916,16000,1,5.4335,True
LJ004-0213_generated.wav,spoof,166858,16000,1,5.2129375,True
LJ004-0214_generated.wav,spoof,196208,16000,1,6.130125,True
LJ004-0215_generated.wav,spoof,240790,16000,1,7.5233125,True
LJ004-0216_generated.wav,spoof,201780,16000,1,6.30425,True
LJ004-0217_generated.wav,spoof,135278,16000,1,4.2260625,True
LJ004-0218_generated.wav,spoof,214784,16000,1,6.710625,True
LJ004-0219_generated.wav,spoof,164256,16000,1,5.131625,True
LJ004-0220_generated.wav,spoof,280170,16000,1,8.7539375,True
LJ004-0222_generated.wav,spoof,266424,16000,1,8.324375,True
LJ004-0223_generated.wav,spoof,194722,16000,1,6.0836875,True
LJ004-0224_generated.wav,spoof,271626,16000,1,8.4869375,True
LJ004-0225_generated.wav,spoof,213298,16000,1,6.6641875,True
LJ004-0226_generated.wav,spoof,260852,16000,1,8.15025,True
LJ004-0227_generated.wav,spoof,260480,16000,1,8.138625,True
LJ004-0228_generated.wav,spoof,233730,16000,1,7.3026875,True
LJ004-0229_generated.wav,spoof,139736,16000,1,4.365375,True
LJ004-0230_generated.wav,spoof,214412,16000,1,6.699,True
LJ004-0231_generated.wav,spoof,266424,16000,1,8.324375,True
LJ004-0232_generated.wav,spoof,315836,16000,1,9.8685,True
LJ004-0233_generated.wav,spoof,226300,16000,1,7.0705,True
LJ004-0234_generated.wav,spoof,310636,16000,1,9.706,True
LJ004-0235_generated.wav,spoof,313608,16000,1,9.798875,True
LJ004-0236_generated.wav,spoof,304320,16000,1,9.508625,True
LJ004-0237_generated.wav,spoof,197694,16000,1,6.1765625,True
LJ004-0238_generated.wav,spoof,225928,16000,1,7.058875,True
LJ004-0240_generated.wav,spoof,253050,16000,1,7.9064375,True
LJ004-0242_generated.wav,spoof,302090,16000,1,9.4389375,True
LJ004-0244_generated.wav,spoof,292060,16000,1,9.1255,True
LJ004-0245_generated.wav,spoof,306548,16000,1,9.57825,True
LJ004-0246_generated.wav,spoof,235960,16000,1,7.372375,True
LJ004-0247_generated.wav,spoof,191378,16000,1,5.9791875,True
LJ004-0248_generated.wav,spoof,133048,16000,1,4.156375,True
LJ004-0249_generated.wav,spoof,187662,16000,1,5.8630625,True
LJ004-0250_generated.wav,spoof,289086,16000,1,9.0325625,True
LJ005-0001_generated.wav,spoof,219242,16000,1,6.8499375,True
LJ005-0002_generated.wav,spoof,188776,16000,1,5.897875,True
LJ005-0003_generated.wav,spoof,300232,16000,1,9.380875,True
LJ005-0005_generated.wav,spoof,231130,16000,1,7.2214375,True
LJ005-0006_generated.wav,spoof,295774,16000,1,9.2415625,True
LJ005-0007_generated.wav,spoof,272368,16000,1,8.510125,True
LJ005-0008_generated.wav,spoof,165742,16000,1,5.1780625,True
LJ005-0009_generated.wav,spoof,290944,16000,1,9.090625,True
LJ005-0010_generated.wav,spoof,217756,16000,1,6.8035,True
LJ005-0011_generated.wav,spoof,313236,16000,1,9.78725,True
LJ005-0012_generated.wav,spoof,285000,16000,1,8.904875,True
LJ005-0013_generated.wav,spoof,264566,16000,1,8.2663125,True
LJ005-0015_generated.wav,spoof,222214,16000,1,6.9428125,True
LJ005-0016_generated.wav,spoof,186176,16000,1,5.816625,True
LJ005-0017_generated.wav,spoof,142336,16000,1,4.446625,True
LJ005-0018_generated.wav,spoof,237818,16000,1,7.4304375,True
LJ005-0019_generated.wav,spoof,155712,16000,1,4.864625,True
LJ005-0020_generated.wav,spoof,150138,16000,1,4.6904375,True
LJ005-0021_generated.wav,spoof,230016,16000,1,7.186625,True
LJ005-0022_generated.wav,spoof,232616,16000,1,7.267875,True
